-- MySQL dump 10.16  Distrib 10.1.48-MariaDB, for debian-linux-gnu (x86_64)
--
-- Host: localhost    Database: substitubeapp
-- ------------------------------------------------------
-- Server version	10.1.48-MariaDB-0ubuntu0.18.04.1

/*!40101 SET @OLD_CHARACTER_SET_CLIENT=@@CHARACTER_SET_CLIENT */;
/*!40101 SET @OLD_CHARACTER_SET_RESULTS=@@CHARACTER_SET_RESULTS */;
/*!40101 SET @OLD_COLLATION_CONNECTION=@@COLLATION_CONNECTION */;
/*!40101 SET NAMES utf8mb4 */;
/*!40103 SET @OLD_TIME_ZONE=@@TIME_ZONE */;
/*!40103 SET TIME_ZONE='+00:00' */;
/*!40014 SET @OLD_UNIQUE_CHECKS=@@UNIQUE_CHECKS, UNIQUE_CHECKS=0 */;
/*!40014 SET @OLD_FOREIGN_KEY_CHECKS=@@FOREIGN_KEY_CHECKS, FOREIGN_KEY_CHECKS=0 */;
/*!40101 SET @OLD_SQL_MODE=@@SQL_MODE, SQL_MODE='NO_AUTO_VALUE_ON_ZERO' */;
/*!40111 SET @OLD_SQL_NOTES=@@SQL_NOTES, SQL_NOTES=0 */;

--
-- Table structure for table `admin`
--

DROP TABLE IF EXISTS `admin`;
/*!40101 SET @saved_cs_client     = @@character_set_client */;
/*!40101 SET character_set_client = utf8 */;
CREATE TABLE `admin` (
  `id` int(11) NOT NULL AUTO_INCREMENT,
  `email` varchar(180) COLLATE utf8mb4_unicode_ci NOT NULL,
  `name` varchar(50) COLLATE utf8mb4_unicode_ci NOT NULL,
  `surname` varchar(50) COLLATE utf8mb4_unicode_ci NOT NULL,
  `roles` longtext COLLATE utf8mb4_unicode_ci NOT NULL COMMENT '(DC2Type:json)',
  `password` varchar(255) COLLATE utf8mb4_unicode_ci NOT NULL,
  `active` tinyint(1) NOT NULL,
  PRIMARY KEY (`id`),
  UNIQUE KEY `UNIQ_880E0D76E7927C74` (`email`)
) ENGINE=InnoDB AUTO_INCREMENT=3 DEFAULT CHARSET=utf8mb4 COLLATE=utf8mb4_unicode_ci;
/*!40101 SET character_set_client = @saved_cs_client */;

--
-- Dumping data for table `admin`
--

LOCK TABLES `admin` WRITE;
/*!40000 ALTER TABLE `admin` DISABLE KEYS */;
INSERT INTO `admin` VALUES (1,'a.nikolic@ledvance.com','Aleksandar','Nikolić','[\"ROLE_ADMIN\"]','$2y$13$jSCQxLjUHeAFJxLQdD7TMeqQ9GZ22hQ9tITMgb/1IKpvEM8ou3cPm',1),(2,'c.endersreg1-ext@ledvance.com','Christiane','Enders-Regener','[\"ROLE_USER\",\"ROLE_ADMIN\"]','$2y$13$fECvqppaMaUDZ4ANZgOA5..HM3N8MrRXtxy1qGP0Nl2s.IiIXhqla',1);
/*!40000 ALTER TABLE `admin` ENABLE KEYS */;
UNLOCK TABLES;

--
-- Table structure for table `ballast`
--

DROP TABLE IF EXISTS `ballast`;
/*!40101 SET @saved_cs_client     = @@character_set_client */;
/*!40101 SET character_set_client = utf8 */;
CREATE TABLE `ballast` (
  `id` int(11) NOT NULL AUTO_INCREMENT,
  `product_name` varchar(255) COLLATE utf8mb4_unicode_ci NOT NULL,
  `ean` varchar(255) COLLATE utf8mb4_unicode_ci DEFAULT NULL,
  `brand` varchar(255) COLLATE utf8mb4_unicode_ci DEFAULT NULL,
  `ref_no` varchar(255) COLLATE utf8mb4_unicode_ci NOT NULL,
  `lamp_amount` int(11) DEFAULT NULL,
  PRIMARY KEY (`id`)
) ENGINE=InnoDB AUTO_INCREMENT=336 DEFAULT CHARSET=utf8mb4 COLLATE=utf8mb4_unicode_ci;
/*!40101 SET character_set_client = @saved_cs_client */;

--
-- Dumping data for table `ballast`
--

LOCK TABLES `ballast` WRITE;
/*!40000 ALTER TABLE `ballast` DISABLE KEYS */;
INSERT INTO `ballast` VALUES (1,'EVG 2X58 CF ABB','','ABB','821108P1258',2),(2,'EVG 1X58 CF','','ABB','GIAH821107P0158',1),(3,'D58.1-2302E','','BAG','166072',1),(4,'D58.2-23021E','','BAG','166082',2),(5,'SCS58.2SR-11/220-240','','BAG','166272',2),(6,'ECS 36.2S-01/220-240','','BAG','167032',2),(7,'BCS36.1FX-11/220-240','','BAG','1007590',1),(8,'BCS18.3-4LR-01/220-240','','BAG','10050999',3),(9,'BCS18.3-4LR-01/220-240','','BAG','10050999',4),(10,'BCS36.1SR-01/220-240','','BAG','10051000',1),(11,'BCS58.1SR-01/220-240','','BAG','10051002',1),(12,'BCS14.3-4FR-01/220-240','','BAG','10052868',3),(13,'BCS14.3-4FR-01/220-240','','BAG','10052868',4),(14,'MLS80.1FR-11/220-240','','BAG','10071608',1),(15,'MLS80.1/54.2FR-11/220-240','','BAG','10071609',1),(16,'BCS54.1FR-01/220-240','','BAG','10075881',1),(17,'BCS35.1FX-11/220-240','','BAG','10077579',1),(18,'BCS35.2FX-11/220-240','','BAG','10077580',2),(19,'BCS49.1FX-11/220-240','','BAG','10077583',1),(20,'BCS49.2FX-11/220-240','','BAG','10077584',2),(21,'BCS54.1FX-11/220-240','','BAG','10077585',1),(22,'BSC18.1FX-11/220-240','','BAG','10077588',1),(23,'BCS18.2FX-01/220-240','','BAG','10077589',2),(24,'BCS 58.1FX-11/220-240','','BAG','10077592',1),(25,'BCS58.2FX-11/220-240','','BAG','10077593',2),(26,'BCS80.2FX-11/220-240','','BAG','10095407',2),(27,'BCD35.1F-01/220-240/1-10V','','BAG','10097244',1),(28,'BCD35.2F-01/220-240/1-10V','','BAG','10097294',2),(29,'BTL 118','','BTL','137997/118H',1),(30,'EL 2X58ngn','','HELVAR','10925',2),(31,'EL 2x49ngn5','','HELVAR','4010001G09801897',2),(32,'EL 1x49ngn5','','HELVAR','4012001G35700473',1),(33,'EL 3/4x14ngn5','','HELVAR','4014001E17701532',3),(34,'EL 3/4x14ngn5','','HELVAR','4014001E17701532',4),(35,'EL 1x14-35ngn5','','HELVAR','4017001G09802761',1),(36,'EL2x14-35ngn5','','HELVAR','4018001E08705002',2),(37,'EL 3/4X18ngn','','HELVAR','4023001B02304341',3),(38,'EL 3/4X18ngn','','HELVAR','4023001B02304341',4),(39,'EL 2X36/40S','','HELVAR','4202001H148027723',2),(40,'EL 3/4X18s','','HELVAR','4224001H113037246',3),(41,'EL 1x49s','','HELVAR','4302002C35100077',1),(42,'EL 1x14-35s','','HELVAR','4306002D46100284',1),(43,'EL 1x36/40/18s','','HELVAR','4309001C370013086',1),(44,'EL 2x58s','','HELVAR','4317802E15309434',2),(45,'EL 2x18s','','HELVAR','4320802B10203469',2),(46,'EL 2x36ngn','','HELVAR','4332001K356011051',2),(47,'EL 1X36ngn','','HELVAR','4333001H254017658',1),(48,'EL1X18ngn','','HELVAR','4334801D34172702',1),(49,'EL 4X18ngn','','HELVAR','4337001E10301941',4),(50,'EL2x14-35iDim','','HELVAR','4350000J05200189',2),(51,'EL 2x18ngn','','HELVAR','4431801F246010251',2),(52,'EL 2X36HF','','HELVAR','4870000F22206395',2),(53,'EL 2x49sc','','HELVAR','4906000U27900015',2),(54,'EL 1X21sc','','HELVAR','4913000Q01500749',1),(55,'EL 2X36SC','','HELVAR','4943000L39400255',2),(56,'EL 1X36 SC','','HELVAR','4944000G40700647',1),(57,'EL1x18sc','','HELVAR','4948000J44200430',1),(58,'EL 2x49s','','HELVAR','4956001J23708449',2),(59,'EL 1x58HF','','HELVAR','5204000D41609294',1),(60,'EL1x54ngn5','','HELVAR','AA3594700DG',1),(61,'EL 1X58SC','','HELVAR','null',1),(62,'EL 1X58ngn','','HELVAR','null',1),(63,'EL 2x58SC','','HELVAR','null',2),(64,'ESB 218-40','','HEP','AJ1X012000033',2),(65,'ESB254-58','','HEP','AJ2X001000030',2),(66,'ESB 218-40','','HEP','null',2),(67,'HF 2X58/230-240 DIM','','OSRAM','A32639701DG',2),(68,'QTP5 2x54','','OSRAM','A43584F01DG',2),(69,'QT-FQ 2x49/230-240 CW','','OSRAM','A45626900DG',2),(70,'QTP8 1X18','','OSRAM','A47279000DG',1),(71,'EZ-PLUS 2X36/220-230','','OSRAM','A53290702DG',2),(72,'QTi 2x35/49/80','','OSRAM','A53595801DG',2),(73,'QT-FQ 2x80','','OSRAM','A57569D01DG ',2),(74,'HF 1X58/230-240 DIM','','OSRAM','A58966700DG',1),(75,'QT-FIT8 3X36','','OSRAM','A62495100DG',3),(76,'QTP5 3x14,4x14','','OSRAM','A62933A02DG',3),(77,'QTP5 3x14,4x14','','OSRAM','A62933A02DG',4),(78,'QTP8 1x36','','OSRAM','A63162D00DG',1),(79,'QTP8 2x18','','OSRAM','A63164500DG',2),(80,'QTP8 2x36','','OSRAM','A63166E00DG',2),(81,'QTP8 3x18,4X18','','OSRAM','A63168600DG',3),(82,'QT-FIT8 1x18','','OSRAM','A63169200DG',1),(83,'QT-FIT8 2x18','','OSRAM','A63172700DG',2),(84,'QTP5 1x14-35','','OSRAM','A63944500DG',1),(85,'QTP5 1x49','','OSRAM','A63946E01DG',1),(86,'QTP5 1x80','','OSRAM','A63948602OL',1),(87,'QTi 2x35/49/80 GII ','','OSRAM','A74908402DG',2),(88,'QT 1X58 DIM','','OSRAM','AA314000302',1),(89,'QTP5 2x14-35','','OSRAM','AA3342302DG',2),(90,'QTi 1x28/54/35/49 GII','','OSRAM','AA352950202',1),(91,'QTi 1x28/54/35/49 GII','','OSRAM','AA3529601DG',1),(92,'QTi 1x35/49/80 GII','','OSRAM','AA3529700DG',1),(93,'QTi 2x14/24/21/39 GII','','OSRAM','AA3529802OL',2),(94,'QTi 2x28/54/35/49 GII','','OSRAM','AA3529901DG',2),(95,'QT-FIT5 1x54','','OSRAM','AA3594800DG',1),(96,'QT-FIT5 2x54','','OSRAM','AA3594900DG',2),(97,'QTi 1x28/54/35/49 GII','','OSRAM','AA3629601DG',1),(98,'QT-FIT 8 2x36','','OSRAM','AA3750401DG',2),(99,'QT-FIT8 2X58','','OSRAM','AA3750902DG',2),(100,'QTi DALI 1x35/49/80 DIM','','OSRAM','AA3863501DG',1),(101,'QTi DALI 2x14/24 DIM','','OSRAM','AA3863601DG',2),(102,'QTi DAIL 2X36 DIM','','OSRAM','AA3863801DG',2),(103,'QTi 1x21/39 DIM','','OSRAM','AA3944403OL',1),(104,'QTi 1x35/49/80 DIM','','OSRAM','AA3944602DG',1),(105,'QTi 2x21/39 DIM','','OSRAM','AA3944802DG',2),(106,'QTi 2x35/49/80 DIM','','OSRAM','AA3945102DG',2),(107,'QTP5 2x49','','OSRAM','AA40220355',2),(108,'QT-FIT5 2x49','','OSRAM','AA4058801DG',2),(109,'QT-FIT 5/8 2x18-39','','OSRAM','AA440140555',2),(110,'QTP-OPTIMAL 1x18-40','','OSRAM','AA5095703DG',1),(111,'OTP-OPTIMAL 1x18-40','','OSRAM','AA5095705DG',1),(112,'QTP-OPTIMAL 2x18-40','','OSRAM','AA5173205DG',2),(113,'QTP-OPTIMAL 1X54-58','','OSRAM','AA5173305DG',1),(114,'QT-FIT 5/8 2X54-58','','OSRAM','AA5296201DG',2),(115,'QT-FIT5/8 2x54-58','','OSRAM','AA5296203DG',2),(116,'QTP-OPTIMAL 2X54-58','','OSRAM','AA569750220',2),(117,'QTP-OPTIMAL 2x54-58','','OSRAM','AA569750755',2),(118,'QTP8 1X58','','OSRAM','AA7282500DG',1),(119,'QT-FIT8 2X58-70','','OSRAM','AA744880110',2),(120,'QT-FIT 8 1x36','','OSRAM','AA747060355',1),(121,'QT-FIT8 1X58-70','','OSRAM','AA7470701DG',1),(122,'QT-FIT8 3X18 4X18','','OSRAM','AA7471101DG',3),(123,'QT-FIT8 3X18 4X18','','OSRAM','AA7471101DG',4),(124,'QT-FIT5 3x14,4x14','','OSRAM','AA747140355',3),(125,'QT-FIT5 3x14,4x14','','OSRAM','AA747140355',4),(126,'QT-FIT5 1x14-35','','OSRAM','AA747150355',1),(127,'QT-FIT5 2x14-35','','OSRAM','AA747160355',2),(128,'QT-FIT5 1x49','','OSRAM','AA7471700DG',1),(129,'QT-FIT 5/8 1x18-39','','OSRAM','AA747180355',1),(130,'QT-FIT5/8 1x54-58','','OSRAM','AA7471900DG',1),(131,'QTP 1X36/230-240','','OSRAM','null',1),(132,'QTP 1X58/230-240','','OSRAM','null',1),(133,'T5 ECG 1x14-35w/220-240','','OSRAM','S80508003',1),(134,'T5 ECG 2x14-35W/220-240','','OSRAM','S80508004',2),(135,'QTP5 1x54','','OSRAM','null',1),(136,'HF-B 158 TLD 220-240','','PHILIPS','9137001123',1),(137,'HF-B 258 TLD 220-240','','PHILIPS','9137001125',2),(138,'HF-R 136 PLL 220-240','','PHILIPS','9137001156',1),(139,'HF-P 149 TL5 220-240','','PHILIPS','9137001177',1),(140,'HF-P 136 PLL 220-240','','PHILIPS','9137001222',1),(141,'HF-R 214 TL5 220-240','','PHILIPS','9137001310',2),(142,'HF-P 2 14-35 TL5 HE 220-240','','PHILIPS','9137001662',2),(143,'HF-P 258 TLD 220-240','','PHILIPS','9137001731',2),(144,'HF-P 118 TLD EII 220-240','','PHILIPS','9137001910',1),(145,'HF-P 158 TLD EII 220-240','','PHILIPS','9137001912',1),(146,'HF-S 218/236 TL-D II','','PHILIPS','9137001914',2),(147,'HF-P 236 TLD EII 220-240','','PHILIPS','9137001915',2),(148,'HF-P 258 TLD EII 220-240','','PHILIPS','9137001916',2),(149,'HF-P 3/4 18 TLD EII 220-240','','PHILIPS','9137001919',3),(150,'HF-P 3/4 18 TLD EII 220-240','','PHILIPS','9137001919',4),(151,'HF-B 136 TLD EII 220-240','','PHILIPS','9137001926',1),(152,'HF-B 158 TLD EII 220-240','','PHILIPS','9137001927',1),(153,'HF-B 136/236 TLD EII 220-240','','PHILIPS','9137001928',1),(154,'HF-B 236 TLD EII 220-240','','PHILIPS','9137001928',2),(155,'HF-B 136/236 TLD EII 220-240','','PHILIPS','9137001928',1),(156,'HF-B 136/236 TLD EII 220-240','','PHILIPS','9137001928',2),(157,'HF-B 258 TLD EII 220-240','','PHILIPS','9137001929',2),(158,'HF-R TD 154 TL5 EII','','PHILIPS','9137006064',1),(159,'HF-R TD 180 TL5/PL-L EII','','PHILIPS','9137006066',1),(160,'HF-R 149 TL5 EII','','PHILIPS','9137006086',1),(161,'HF-R 149 TL5 EII 220-240','','PHILIPS','9137006086',1),(162,'HF-R 154 TL5 EII','','PHILIPS','9137006088',1),(163,'HF-R 254 TL5 EII','','PHILIPS','9137006089',2),(164,'HF-R 180 TL5/PLL EII','','PHILIPS','9137006090',1),(165,'HF-R 280 TL5/PLL EII 220-240','','PHILIPS','9137006091',2),(166,'HF-R 236 TLD EII','','PHILIPS','9137006093',2),(167,'HF-R 158 TLD EII','','PHILIPS','9137006094',1),(168,'HF-R 258 TLD EII','','PHILIPS','9137006095',2),(169,'HF-Ri TD 280 TL5/PL-L E+','','PHILIPS','9137006096',2),(170,'HF-P 2 14-35 TL5 HE EII 220-240','','PHILIPS','9137006130',2),(171,'HF-P 149 TL5 HO EII 220-240','','PHILIPS','9137006132',1),(172,'HF-P 249 TL5 HO EII 220-240','','PHILIPS','9137006135',2),(173,'HF-R TD 236 PL-L EII','','PHILIPS','9137006190',2),(174,'HF-R TD 118 TLD EII','','PHILIPS','9137006193',1),(175,'HF-R TD 218 TLD EII','','PHILIPS','9137006194',2),(176,'HF-R 214-35 TL5 EII','','PHILIPS','9137006195',2),(177,'HF-R 114-35 TL5 EII','','PHILIPS','9137006198',1),(178,'HF-R 136 PL-L EII','','PHILIPS','9137006199',1),(179,'HF-R 236 PL-L EII','','PHILIPS','9137006200',2),(180,'HF-R 236 PLL EII 220-240','','PHILIPS','9137006200',2),(181,'HF-Pi 1 14/21/24/39 TL5 EII 220-240','','PHILIPS','9137006240',1),(182,'HF-Pi 1 28/35/49/54 TL5 EII 220-240','','PHILIPS','9137006241',1),(183,'HF-Pi 2 28/35/49/54 TL5 EII 220-240','','PHILIPS','9137006243',2),(184,'HF-P Xt 149 TL5 EII 220-240','','PHILIPS','9137006297',1),(185,'HF-P Xt 249 TL5 EII 220-240','','PHILIPS','9137006298',2),(186,'HF-P Xt 180 TL5 EII 220-240','','PHILIPS','9137006301',1),(187,'HF-P Xt 280 TL5 EII 220-240','','PHILIPS','9137006302',2),(188,'HF-Pi 1 28/35/49/80 TL5 EII 220-240','','PHILIPS','9137006525',1),(189,'HF-Pi 2 28/35/49/80 TL5 EII ','','PHILIPS','9137006526',2),(190,'HF-Pi 2 28/35/49/80 TL5 EII 220-240','','PHILIPS','9137006526',2),(191,'HF-Ri TD 2 28/35/49/54 TL5 E+','','PHILIPS','9137006561',2),(192,'HF-Ri TD 1 28/35/49/54 TL5 E+','','PHILIPS','9137006956',1),(193,'HF-Ri TD 2 14/21/24/39 TL5 E+','','PHILIPS','9137006984',2),(194,'HF-P 149 TL5 HO III IDC','','PHILIPS','9137130280',1),(195,'HF-P 154/155 TL5 HO/PL-L III IDC','','PHILIPS','9137130282',1),(196,'HF-P 254/55 TL5 HO/PL-L III IDC','','PHILIPS','9137130283',2),(197,'HF-P 1 14-35 TL5 HE III IDC','','PHILIPS','9137130310',1),(198,'HF-P 2 14-35 TL5 HE III IDC','','PHILIPS','9137130311',2),(199,'HF-P 118 TL-D III IDC','','PHILIPS','9137130312',1),(200,'HF-P 218 TL-D III IDC','','PHILIPS','9137130313',2),(201,'HF-P 3/4 18 TL-D III IDC','','PHILIPS','9137130314',3),(202,'HF-P 118/136 TL-D III','','PHILIPS','9137130315',1),(203,'HF-P 136 TL-D III IDC','','PHILIPS','9137130315',1),(204,'HF-P 218/236 TL-D III','','PHILIPS','9137130316',2),(205,'HF-P 218/236 TL-D III','','PHILIPS','9137130316',2),(206,'HP-P 336 TL-D III IDC','','PHILIPS','9137130317',3),(207,'HF-P 158 TL-D III IDC','','PHILIPS','9137130318',1),(208,'HF-S 118 TL-D II','','PHILIPS','9137130320',1),(209,'HF-S 118/136 TL-D II','','PHILIPS','9137130321',1),(210,'HF-S 136 TL-D II','','PHILIPS','9137130321',1),(211,'HF-S 158 TL-D II','','PHILIPS','9137130322',1),(212,'HF-S 218 TL-D II','','PHILIPS','9137130323',2),(213,'HF-S 218/236 TL-D II','','PHILIPS','9137130324',2),(214,'HF-S 236 TL-D II','','PHILIPS','9137130324',2),(215,'HF-S 258 TL-D II','','PHILIPS','9137130325',2),(216,'HF-S 3/418 TL-D II','','PHILIPS','9137130326',3),(217,'HF-S 3/418 TL-D II','','PHILIPS','9137130326',4),(218,'HF-S 336 TL-D II','','PHILIPS','9137130327',3),(219,'HF-S 114-21 TL5 II','','PHILIPS','9137130328',1),(220,'HF-S 3/414 TL5 II','','PHILIPS','9137130330',3),(221,'HF-S 3/414 TL5 II','','PHILIPS','9137130330',4),(222,'HF-S 221-28 TL5','','PHILIPS','9137130331',2),(223,'HF-S 128-35 TL5 II','','PHILIPS','9137130332',1),(224,'HF-S 235 TL5 II ','','PHILIPS','9137130333',2),(225,'HF-S 149 TL5 II','','PHILIPS','9137130334',1),(226,'HF-S 249 TL5 II','','PHILIPS','9137130335',2),(227,'HF-S 154 TL5 II','','PHILIPS','9137130336',1),(228,'HF-S 254 TL5 II','','PHILIPS','9137130337',2),(229,'HF-P 1 80 TL5/PL-L III IDC','','PHILIPS','9137130342',1),(230,'HF-E 418 TL-D','','PHILIPS','9137130392',4),(231,'HF-E 1/2 58 TL-D II','','PHILIPS','9137130409',1),(232,'HF-S 2 14-35 TL5 HE II','','PHILIPS','9137130421',2),(233,'HF-S 1 80 TL5/PL-L II','','PHILIPS','9137130422',1),(234,'EB-Ci 1-2 14-28W','','PHILIPS','9137130432',1),(235,'EB-Ci 1-2 14-28W','','PHILIPS','9137130432',2),(236,'HF-S 2 80 TL5/PL-L II','','PHILIPS','9137130623',2),(237,'HF-E 158 TL-D','','PHILIPS','9137180389',1),(238,'BTL 258','','TCI','13799411',2),(239,'BTL 158','','TCI','137994115811',1),(240,'PC 1/80 T5 INDUSTRY','','TRIDONIC','8900460',1),(241,'PC 1X18-24W BASIC SI','','TRIDONIC','22176000',1),(242,'PC 1/30 T8 PRO','','TRIDONIC','22176077',1),(243,'PC 1/58 T8 PRO','','TRIDONIC','22176094',1),(244,'PC 1/14-35/24/39 T5 PRO-M lp','','TRIDONIC','22176182',1),(245,'PC 1/14-35/49/54 T5 PRO-M lp','','TRIDONIC','22176183',1),(246,'PC 1/14-35/49/80 T5 PRO-M lp','','TRIDONIC','22176184',1),(247,'PC 2/14-35/49/54 T5 PRO-M lp','','TRIDONIC','22176186',2),(248,'PC 2/58 T8 PRO','','TRIDONIC','22176215',2),(249,'PC 3/36 T8 PRO','','TRIDONIC','22176231',3),(250,'PC 2/80 T5 PRO lp','','TRIDONIC','22176234',2),(251,'PCA 2x80 T5 BASIC lp','','TRIDONIC','22185085',2),(252,'PCA 2x54 T5 BASIC lp','','TRIDONIC','22185089',2),(253,'PCA 2x14/24 T5 ECO lp','','TRIDONIC','22185095',2),(254,'PCA 2x35/49 T5 ECO lp','','TRIDONIC','22185097',2),(255,'PCA 2x80 T5 ECO lp','','TRIDONIC','22185098',2),(256,'PCA 1x14/24 T5 EXCEL one4all lp','','TRIDONIC','22185103',1),(257,'PCA 2x80 T5 oen4all lp','','TRIDONIC','22185107',2),(258,'PC 1x14-35 T5 PRO lp','','TRIDONIC','22185147',1),(259,'PC 2x14-35 T5 PRO lp','','TRIDONIC','22185148',2),(260,'PC 1x49 T5 PRO lp','','TRIDONIC','22185153',1),(261,'PC 2x49 T5 PRO lp','','TRIDONIC','22185154',2),(262,'PC 1x54 T5 PRO lp','','TRIDONIC','22185155',1),(263,'PC 2x54 T5 PRO lp','','TRIDONIC','22185156',2),(264,'PC 1x14-35 T5 TOP lp','','TRIDONIC','22185157',1),(265,'PC 2x14-28 T5 TOP lp','','TRIDONIC','22185158',2),(266,'PC 1x49 T5 TOP lp','','TRIDONIC','22185163',1),(267,'PC 1x54 T5 TOP lp','','TRIDONIC','22185165',1),(268,'PC 2x54 T5 TOP lp','','TRIDONIC','22185166',2),(269,'PC 2x80 T5 PRO lp','','TRIDONIC','22185210',2),(270,'PC 3/4x14 T5 PRO lp','','TRIDONIC','22185211',3),(271,'PC 3/4x14 T5 PRO lp','','TRIDONIC','22185211',4),(272,'PC 1X18 T8 PRO IP','','TRIDONIC','22185213',1),(273,'PC 1X36 T8 PRO IP','','TRIDONIC','22185214',1),(274,'PC 1X58 T8 PRO SI','','TRIDONIC','22185215',1),(275,'PC 2X18 T8 PRO Ip','','TRIDONIC','22185216',2),(276,'PC 2X36 T8 PRO SI','','TRIDONIC','22185217',2),(277,'PC 2X58 T8 PRO SI','','TRIDONIC','22185218',2),(278,'PC 3/4X18 T8 PRO IP','','TRIDONIC','22185219',3),(279,'PC 3/4X18 T8 PRO IP','','TRIDONIC','22185219',4),(280,'PC 3/4x14 T5 TOP lp','','TRIDONIC','22185220',3),(281,'PC 3/4x14 T5 TOP lp','','TRIDONIC','22185220',4),(282,'PC 1X18 T8 TOP SI','','TRIDONIC','22185222',1),(283,'PC 1X36 T8 TOP SI','','TRIDONIC','22185223',1),(284,'PC 1X58 T8 TOP SI','','TRIDONIC','22185224',1),(285,'PC 2X18 T8 TOP sI','','TRIDONIC','22185225',2),(286,'PC2X36 T8 TOP SI','','TRIDONIC','22185226',2),(287,'PC 2X58 T8 TOP SI','','TRIDONIC','22185227',2),(288,'PC 3/4X18 T8 TOP IP','','TRIDONIC','22185228',3),(289,'PC 1/36 T8 INDUSTRY','','TRIDONIC','86458035',1),(290,'PC 2/36 T8 INDVSTRY','','TRIDONIC','86458036',2),(291,'PC 2X58 T8 TEC','','TRIDONIC','87500151',2),(292,'PC 1X18 T8 TEC','','TRIDONIC','87500255',1),(293,'PC 2X18 T8 TEC','','TRIDONIC','87500256',2),(294,'PC 4X18 T8 TEC','','TRIDONIC','87500257',4),(295,'PC 1X36 T8 TEC','','TRIDONIC','87500258',1),(296,'PC 2X36 T8 TEC','','TRIDONIC','87500259',2),(297,'PC 2X36/4X18 T8 TEC','','TRIDONIC','87500260',4),(298,'PC 2X36/4X18 T8 TEC','','TRIDONIC','87500260',2),(299,'PC 2X36/4X18 T8 TEC','','TRIDONIC','87500261',2),(300,'PC 2x35 T5 TOP lp','','TRIDONIC','87500292',2),(301,'PC 2/36 TCL PRO','','TRIDONIC','87500518',2),(302,'PC 1/36 T8 PRO SC','','TRIDONIC','89800008',1),(303,'PC 1/58 T8 INOUSTRY','','TRIDONIC','89800454',1),(304,'PC 1/49 T5 INDUSTRY','','TRIDONIC','89800456',1),(305,'PC 1/54 T5 INDUSTRY','','TRIDONIC','89800458',1),(306,'PC 2/54 T5 INDUSTRY','','TRIDONIC','89800459',2),(307,'PC 2/80 T5 INDUSTRY','','TRIDONIC','89800461',2),(308,'PC 1X58 T8 TEC','','TRIDONIC','875000150',1),(309,'PC 1/36 TCL PRO','','TRIDONIC','875000507',1),(310,'PCA 2X58 T8 TXCEL','','TRIDONIC','28000040 - one4all ip',2),(311,'PC 2/58 T8 INDUSTRY','','TRIDONIC','86 458 038',2),(312,'ELXc 154.864','','Vossloh Schwabe','188142',1),(313,'ELXc 180.866','','Vossloh Schwabe','188144',1),(314,'ELXc 414.868','','Vossloh Schwabe','188438',4),(315,'ELXc 254.865','','Vossloh Schwabe','188618',2),(316,'ELXc 280.538','','Vossloh Schwabe','188619',2),(317,'ELXc 135.220','','Vossloh Schwabe','188921',1),(318,'ELXc 180.834','','Vossloh Schwabe','188947',1),(319,'ELXc 258.222','','Vossloh Schwabe','188130',1),(320,'ELXc 258.222','','Vossloh Schwabe','188130',2),(321,'ELXc 238.527','','Vossloh Schwabe','188137',2),(322,'ELXc 136.200','','Vossloh Schwabe','188314',1),(323,'ELXc 158.201','','Vossloh Schwabe','188315',1),(324,'ELXc 236.202','','Vossloh Schwabe','188316',2),(325,'ELXc 258.203','','Vossloh Schwabe','188317',2),(326,'ELXc 336.214','','Vossloh Schwabe','188595',3),(327,'ELXc 240.863','','Vossloh Schwabe','188616',2),(328,'ELXc 263.208','','Vossloh Schwabe','188705',2),(329,'ELXc 136.207','','Vossloh Schwabe','188708',1),(330,'ELXc 258.210','','Vossloh Schwabe','188711',2),(331,'ELXc 418.204','','Vossloh Schwabe','188744',3),(332,'ELXc 418.204','','Vossloh Schwabe','188744',4),(333,'ELXc 236.217','','Vossloh Schwabe','188913',2),(334,'ELXc 158.218','','Vossloh Schwabe','188914',1),(335,'ELXc 258.219','','Vossloh Schwabe','188915',2);
/*!40000 ALTER TABLE `ballast` ENABLE KEYS */;
UNLOCK TABLES;

--
-- Table structure for table `ballast_light_source`
--

DROP TABLE IF EXISTS `ballast_light_source`;
/*!40101 SET @saved_cs_client     = @@character_set_client */;
/*!40101 SET character_set_client = utf8 */;
CREATE TABLE `ballast_light_source` (
  `ballast_id` int(11) NOT NULL,
  `light_source_id` int(11) NOT NULL,
  PRIMARY KEY (`ballast_id`,`light_source_id`),
  KEY `IDX_D70196C1B655D7B0` (`ballast_id`),
  KEY `IDX_D70196C1DA9CAD02` (`light_source_id`),
  CONSTRAINT `FK_D70196C1B655D7B0` FOREIGN KEY (`ballast_id`) REFERENCES `ballast` (`id`) ON DELETE CASCADE,
  CONSTRAINT `FK_D70196C1DA9CAD02` FOREIGN KEY (`light_source_id`) REFERENCES `light_source` (`id`) ON DELETE CASCADE
) ENGINE=InnoDB DEFAULT CHARSET=utf8mb4 COLLATE=utf8mb4_unicode_ci;
/*!40101 SET character_set_client = @saved_cs_client */;

--
-- Dumping data for table `ballast_light_source`
--

LOCK TABLES `ballast_light_source` WRITE;
/*!40000 ALTER TABLE `ballast_light_source` DISABLE KEYS */;
INSERT INTO `ballast_light_source` VALUES (1,157),(1,158),(1,159),(2,135),(2,139),(2,142),(2,143),(2,144),(3,132),(3,133),(3,138),(3,140),(3,141),(3,150),(3,151),(3,152),(3,153),(4,135),(4,139),(4,142),(4,143),(4,144),(4,152),(4,153),(4,157),(4,158),(4,159),(5,135),(5,139),(5,142),(5,143),(5,144),(5,152),(5,153),(5,157),(5,158),(5,159),(6,132),(6,133),(6,138),(6,140),(6,141),(6,150),(6,151),(6,154),(6,155),(6,156),(10,138),(10,140),(10,141),(10,150),(10,151),(10,154),(10,155),(10,156),(11,135),(11,139),(11,142),(11,143),(11,144),(11,152),(11,153),(11,157),(11,158),(11,159),(14,99),(14,100),(14,101),(14,108),(14,109),(14,110),(14,111),(14,112),(14,113),(15,111),(15,112),(15,113),(23,134),(23,136),(23,137),(23,145),(23,146),(23,147),(23,148),(23,149),(24,152),(24,153),(24,157),(24,158),(24,159),(25,135),(25,139),(25,142),(25,143),(25,144),(25,152),(25,153),(28,108),(28,109),(28,110),(28,111),(28,112),(28,113),(28,114),(28,115),(28,116),(28,117),(28,118),(28,119),(29,134),(29,136),(29,137),(29,145),(29,146),(29,147),(29,148),(29,149),(30,135),(30,139),(30,142),(30,143),(30,144),(30,152),(30,153),(30,157),(30,158),(30,159),(31,105),(31,106),(31,107),(32,105),(32,106),(32,107),(35,111),(35,112),(35,113),(36,114),(36,115),(36,116),(38,134),(38,136),(38,137),(38,145),(38,146),(38,147),(38,148),(38,149),(39,132),(39,133),(39,138),(39,140),(39,141),(40,134),(40,136),(40,137),(40,145),(40,146),(43,150),(43,151),(43,154),(43,155),(43,156),(44,135),(44,139),(44,142),(44,143),(44,144),(44,152),(44,153),(44,157),(44,158),(44,159),(46,132),(46,133),(46,138),(46,140),(46,141),(46,150),(46,151),(46,154),(46,155),(46,156),(47,154),(47,155),(47,156),(48,147),(48,148),(48,149),(49,147),(49,148),(49,149),(50,108),(50,109),(50,110),(50,111),(50,112),(50,113),(50,117),(50,118),(50,119),(51,134),(51,136),(51,137),(51,145),(51,146),(51,147),(51,148),(51,149),(52,132),(52,133),(52,138),(52,140),(52,141),(53,105),(53,106),(53,107),(54,114),(54,115),(54,116),(55,132),(55,133),(55,138),(55,140),(55,141),(55,150),(55,151),(55,154),(55,155),(55,156),(56,132),(56,133),(56,138),(56,140),(56,141),(56,150),(56,151),(56,154),(56,155),(56,156),(57,134),(57,136),(57,137),(57,145),(57,146),(58,105),(58,106),(58,107),(59,152),(59,153),(59,157),(59,158),(59,159),(60,102),(60,103),(60,104),(61,135),(61,139),(61,142),(61,143),(61,144),(61,152),(61,153),(61,157),(61,158),(61,159),(62,135),(62,139),(62,142),(62,143),(62,144),(62,152),(62,153),(62,157),(62,158),(62,159),(63,135),(63,139),(63,142),(63,143),(63,144),(63,152),(63,153),(63,157),(63,158),(63,159),(64,150),(64,151),(64,154),(64,155),(64,156),(66,147),(66,148),(66,149),(67,135),(67,139),(67,142),(67,143),(67,144),(67,152),(67,153),(67,157),(67,158),(67,159),(69,105),(69,106),(69,107),(71,132),(71,133),(71,138),(71,140),(71,141),(72,105),(72,106),(72,107),(72,108),(72,109),(72,110),(73,99),(73,100),(73,101),(74,135),(74,139),(74,142),(74,143),(74,144),(74,152),(74,153),(74,157),(74,158),(74,159),(75,132),(75,133),(75,138),(75,140),(75,141),(75,150),(75,151),(75,154),(75,155),(75,156),(81,134),(81,136),(81,137),(81,145),(81,146),(87,105),(87,106),(87,107),(87,108),(87,109),(87,110),(88,135),(88,139),(88,142),(88,143),(88,144),(88,152),(88,153),(88,157),(88,158),(88,159),(90,111),(90,112),(90,113),(90,114),(90,115),(90,116),(90,117),(90,118),(90,119),(92,105),(92,106),(92,107),(92,108),(92,109),(92,110),(93,114),(93,115),(93,116),(94,108),(94,109),(94,110),(97,108),(97,109),(97,110),(100,105),(100,106),(100,107),(100,108),(100,109),(100,110),(101,117),(101,118),(101,119),(102,132),(102,133),(102,138),(102,140),(102,141),(102,150),(102,151),(102,154),(102,155),(102,156),(103,114),(103,115),(103,116),(104,108),(104,109),(104,110),(105,114),(105,115),(105,116),(106,105),(106,106),(106,107),(106,108),(106,109),(106,110),(107,105),(107,106),(107,107),(108,105),(108,106),(108,107),(112,154),(112,155),(112,156),(113,102),(113,103),(113,104),(114,135),(114,139),(114,142),(114,143),(114,144),(114,152),(114,153),(114,157),(114,158),(114,159),(116,135),(116,139),(116,142),(116,143),(116,144),(116,157),(116,158),(116,159),(119,152),(119,153),(127,111),(127,112),(127,113),(127,114),(127,115),(127,116),(129,154),(129,155),(129,156),(131,132),(131,133),(131,138),(131,140),(131,141),(131,154),(131,155),(131,156),(137,135),(137,139),(137,142),(137,143),(137,144),(137,152),(137,153),(137,157),(137,158),(137,159),(139,105),(139,106),(139,107),(141,117),(141,118),(141,119),(142,111),(142,112),(142,113),(142,114),(142,115),(142,116),(142,117),(142,118),(142,119),(143,135),(143,139),(143,142),(143,143),(143,144),(143,152),(143,153),(143,157),(143,158),(143,159),(148,152),(148,153),(148,157),(148,158),(148,159),(149,147),(149,148),(149,149),(150,147),(150,148),(150,149),(157,135),(157,139),(157,142),(157,143),(157,144),(158,102),(158,103),(158,104),(159,99),(159,100),(159,101),(161,105),(161,106),(161,107),(163,102),(163,103),(163,104),(164,99),(164,100),(164,101),(165,99),(165,100),(165,101),(166,150),(166,151),(166,154),(166,155),(166,156),(168,152),(168,153),(169,99),(169,100),(169,101),(170,111),(170,112),(170,113),(170,114),(170,115),(170,116),(171,105),(171,106),(171,107),(172,105),(172,106),(172,107),(173,132),(173,133),(173,138),(173,140),(173,141),(173,150),(173,151),(173,154),(173,155),(173,156),(174,134),(174,136),(174,137),(174,145),(174,146),(174,147),(174,148),(174,149),(175,134),(175,136),(175,137),(175,145),(175,146),(175,147),(175,148),(175,149),(176,111),(176,112),(176,113),(176,114),(176,115),(176,116),(176,117),(176,118),(176,119),(177,108),(177,109),(177,110),(177,111),(177,112),(177,113),(177,114),(177,115),(177,116),(177,117),(177,118),(177,119),(179,132),(179,133),(179,138),(179,140),(179,141),(179,150),(179,151),(179,154),(179,155),(179,156),(180,132),(180,133),(180,138),(180,140),(180,141),(180,150),(180,151),(180,154),(180,155),(180,156),(181,117),(181,118),(181,119),(182,108),(182,109),(182,110),(182,111),(182,112),(182,113),(183,102),(183,103),(183,104),(183,108),(183,109),(183,110),(183,111),(183,112),(183,113),(186,99),(186,100),(186,101),(187,99),(187,100),(187,101),(188,105),(188,106),(188,107),(188,108),(188,109),(188,110),(188,111),(188,112),(188,113),(190,99),(190,100),(190,101),(190,108),(190,109),(190,110),(190,111),(190,112),(190,113),(191,108),(191,109),(191,110),(191,111),(191,112),(191,113),(192,102),(192,103),(192,104),(192,108),(192,109),(192,110),(192,111),(192,112),(192,113),(193,114),(193,115),(193,116),(197,108),(197,109),(197,110),(198,114),(198,115),(198,116),(204,154),(204,155),(204,156),(205,150),(205,151),(205,154),(205,155),(205,156),(206,132),(206,133),(206,138),(206,140),(206,141),(206,150),(206,151),(206,154),(206,155),(206,156),(209,154),(209,155),(209,156),(213,154),(213,155),(213,156),(214,132),(214,133),(214,138),(214,140),(214,141),(214,150),(214,151),(214,154),(214,155),(214,156),(215,152),(215,153),(215,157),(215,158),(215,159),(218,132),(218,133),(218,138),(218,140),(218,141),(218,150),(218,151),(218,154),(218,155),(218,156),(219,114),(219,115),(219,116),(219,117),(219,118),(219,119),(223,108),(223,109),(223,110),(223,111),(223,112),(223,113),(230,134),(230,136),(230,137),(230,145),(230,146),(231,135),(231,139),(231,142),(231,143),(231,144),(232,108),(232,109),(232,110),(232,114),(232,115),(232,116),(237,135),(237,139),(237,142),(237,143),(237,144),(237,152),(237,153),(237,157),(237,158),(237,159),(238,135),(238,139),(238,142),(238,143),(238,144),(238,152),(238,153),(238,157),(238,158),(238,159),(239,135),(239,139),(239,142),(239,143),(239,144),(240,99),(240,100),(240,101),(241,147),(241,148),(241,149),(242,150),(242,151),(242,154),(242,155),(242,156),(243,135),(243,139),(243,142),(243,143),(243,144),(244,108),(244,109),(244,110),(244,111),(244,112),(244,113),(245,102),(245,103),(245,104),(245,105),(245,106),(245,107),(246,99),(246,100),(246,101),(246,105),(246,106),(246,107),(246,114),(246,115),(246,116),(248,152),(248,153),(248,157),(248,158),(248,159),(249,132),(249,133),(249,138),(249,140),(249,141),(250,99),(250,100),(250,101),(251,99),(251,100),(251,101),(252,102),(252,103),(252,104),(253,117),(253,118),(253,119),(254,105),(254,106),(254,107),(254,108),(254,109),(254,110),(255,99),(255,100),(255,101),(256,117),(256,118),(256,119),(257,99),(257,100),(257,101),(258,117),(258,118),(258,119),(264,117),(264,118),(264,119),(274,135),(274,139),(274,142),(274,143),(274,144),(276,132),(276,133),(276,138),(276,140),(276,141),(276,150),(276,151),(277,135),(277,139),(277,142),(277,143),(277,144),(277,152),(277,153),(277,157),(277,158),(277,159),(283,132),(283,133),(283,138),(283,140),(283,141),(283,150),(283,151),(283,154),(283,155),(283,156),(286,132),(286,133),(286,138),(286,140),(286,141),(286,150),(286,151),(286,154),(286,155),(286,156),(287,135),(287,139),(287,142),(287,143),(287,144),(287,152),(287,153),(287,157),(287,158),(287,159),(289,132),(289,133),(289,138),(289,140),(289,141),(289,150),(289,151),(289,154),(289,155),(289,156),(290,150),(290,151),(291,135),(291,139),(291,142),(291,143),(291,144),(291,152),(291,153),(291,157),(291,158),(291,159),(292,134),(292,136),(292,137),(292,145),(292,146),(292,147),(292,148),(292,149),(294,134),(294,136),(294,137),(294,145),(294,146),(294,147),(294,148),(294,149),(295,132),(295,133),(295,138),(295,140),(295,141),(295,150),(295,151),(295,154),(295,155),(295,156),(296,132),(296,133),(296,138),(296,140),(296,141),(296,150),(296,151),(296,154),(296,155),(296,156),(297,132),(297,133),(297,134),(297,136),(297,137),(297,138),(297,140),(297,141),(297,145),(297,146),(297,147),(297,148),(297,149),(297,150),(297,151),(297,154),(297,155),(297,156),(299,150),(299,151),(299,154),(299,155),(299,156),(301,132),(301,133),(301,138),(301,140),(301,141),(301,150),(301,151),(301,154),(301,155),(301,156),(302,132),(302,133),(302,138),(302,140),(302,141),(302,150),(302,151),(302,154),(302,155),(302,156),(303,135),(303,139),(303,142),(303,143),(303,144),(303,152),(303,153),(303,157),(303,158),(303,159),(305,102),(305,103),(305,104),(306,102),(306,103),(306,104),(307,99),(307,100),(307,101),(308,135),(308,139),(308,142),(308,143),(308,144),(308,152),(308,153),(308,157),(308,158),(308,159),(310,135),(310,139),(310,142),(310,143),(310,144),(310,152),(310,153),(310,157),(310,158),(310,159),(317,108),(317,109),(317,110),(317,111),(317,112),(317,113),(317,117),(317,118),(317,119),(319,135),(319,139),(319,142),(319,143),(319,144),(320,135),(320,139),(320,142),(320,143),(320,144),(321,132),(321,133),(321,138),(321,140),(321,141),(321,150),(321,151),(321,154),(321,155),(321,156),(325,135),(325,139),(325,142),(325,143),(325,144),(325,152),(325,153),(325,157),(325,158),(325,159),(327,152),(327,153),(327,157),(327,158),(327,159),(328,132),(328,133),(328,138),(328,140),(328,141),(328,150),(328,151),(328,154),(328,155),(328,156),(329,150),(329,151),(329,154),(329,155),(329,156),(330,135),(330,139),(330,142),(330,143),(330,144),(330,152),(330,153),(330,157),(330,158),(330,159),(331,134),(331,136),(331,137),(331,145),(331,146),(331,147),(331,148),(331,149),(332,147),(332,148),(332,149),(333,132),(333,133),(333,138),(333,140),(333,141),(335,152),(335,153);
/*!40000 ALTER TABLE `ballast_light_source` ENABLE KEYS */;
UNLOCK TABLES;

--
-- Table structure for table `light_source`
--

DROP TABLE IF EXISTS `light_source`;
/*!40101 SET @saved_cs_client     = @@character_set_client */;
/*!40101 SET character_set_client = utf8 */;
CREATE TABLE `light_source` (
  `id` int(11) NOT NULL AUTO_INCREMENT,
  `ean` varchar(255) COLLATE utf8mb4_unicode_ci NOT NULL,
  `product_name` varchar(255) COLLATE utf8mb4_unicode_ci NOT NULL,
  `power` int(11) DEFAULT NULL,
  `luminous_flux` int(11) DEFAULT NULL,
  `color_temperature` int(11) DEFAULT NULL,
  `shatterproof` tinyint(1) DEFAULT NULL,
  `low_flicker_light` tinyint(1) DEFAULT NULL,
  `guarantee` int(11) DEFAULT NULL,
  `compatible_applications` longtext COLLATE utf8mb4_unicode_ci COMMENT '(DC2Type:array)',
  `basic_code` varchar(255) COLLATE utf8mb4_unicode_ci DEFAULT NULL,
  `lifetime` int(11) DEFAULT NULL,
  `lifetime_rem` varchar(255) COLLATE utf8mb4_unicode_ci DEFAULT NULL,
  `efficiency_class` varchar(5) COLLATE utf8mb4_unicode_ci DEFAULT NULL,
  `guarantee_rem` varchar(255) COLLATE utf8mb4_unicode_ci DEFAULT NULL,
  `length` int(11) DEFAULT NULL,
  `lamp_type` int(11) DEFAULT NULL,
  `scenario` varchar(10) COLLATE utf8mb4_unicode_ci DEFAULT NULL,
  PRIMARY KEY (`id`)
) ENGINE=InnoDB AUTO_INCREMENT=212 DEFAULT CHARSET=utf8mb4 COLLATE=utf8mb4_unicode_ci;
/*!40101 SET character_set_client = @saved_cs_client */;

--
-- Dumping data for table `light_source`
--

LOCK TABLES `light_source` WRITE;
/*!40000 ALTER TABLE `light_source` DISABLE KEYS */;
INSERT INTO `light_source` VALUES (1,'4058075135444','ST9-EM22 123 ° 12 W/4000 K G10q ',14,1200,3,0,0,3,'a:4:{i:0;s:1:\"6\";i:1;s:1:\"7\";i:2;s:1:\"8\";i:3;s:1:\"9\";}','AC11636',1,'L70/B50',NULL,'You will find further information and the exact guarantee terms and conditions at www.ledvance.com/guarantee',1,3,'EM'),(2,'4058075135468','ST9-EM22 123 ° 12 W/6500 K G10q ',14,1200,4,0,0,3,'a:4:{i:0;s:1:\"6\";i:1;s:1:\"7\";i:2;s:1:\"8\";i:3;s:1:\"9\";}','AC11637',1,'L70/B50',NULL,'You will find further information and the exact guarantee terms and conditions at www.ledvance.com/guarantee',1,3,'EM'),(3,'4058075135482','ST9-EM32 123 ° 20 W/4000 K G10q ',32,2000,3,0,0,3,'a:4:{i:0;s:1:\"6\";i:1;s:1:\"7\";i:2;s:1:\"8\";i:3;s:1:\"9\";}','AC11638',1,'L70/B50',NULL,'You will find further information and the exact guarantee terms and conditions at www.ledvance.com/guarantee',3,3,'EM'),(4,'4058075135505','ST9-EM32 123 ° 20 W/6500 K G10q ',32,2000,4,0,0,3,'a:4:{i:0;s:1:\"6\";i:1;s:1:\"7\";i:2;s:1:\"8\";i:3;s:1:\"9\";}','AC11639',1,'L70/B50',NULL,'You will find further information and the exact guarantee terms and conditions at www.ledvance.com/guarantee',3,3,'EM'),(5,'4058075136458','ST8A-EM11.3 W/4000 K 900 mm ',12,1700,3,0,NULL,5,'a:6:{i:0;s:1:\"1\";i:1;s:1:\"2\";i:2;s:1:\"3\";i:3;s:1:\"4\";i:4;s:1:\"8\";i:5;s:1:\"9\";}','AC17904',2,'L70/B50',NULL,'You will find further information and the exact guarantee terms and conditions at www.ledvance.com/guarantee',11,2,'EM'),(6,'4058075136472','ST8A-EM11.3 W/6500 K 900 mm ',12,1700,4,0,NULL,5,'a:6:{i:0;s:1:\"1\";i:1;s:1:\"2\";i:2;s:1:\"3\";i:3;s:1:\"4\";i:4;s:1:\"8\";i:5;s:1:\"9\";}','AC17903',2,'L70/B50',NULL,'You will find further information and the exact guarantee terms and conditions at www.ledvance.com/guarantee',11,2,'EM'),(7,'4058075137400','ST8V-UN8 W/3000 K 600 mm ',9,720,1,0,NULL,3,'a:3:{i:0;s:1:\"2\";i:1;s:1:\"3\";i:2;s:1:\"7\";}','AC11146',1,'L70/B50',NULL,'You will find further information and the exact guarantee terms and conditions at www.ledvance.com/guarantee',7,2,'T8U'),(8,'4058075137424','ST8V-UN8 W/4000 K 600 mm ',9,800,3,0,NULL,3,'a:3:{i:0;s:1:\"2\";i:1;s:1:\"3\";i:2;s:1:\"7\";}','AC11156',1,'L70/B50',NULL,'You will find further information and the exact guarantee terms and conditions at www.ledvance.com/guarantee',7,2,'T8U'),(9,'4058075137448','ST8V-UN8 W/6500 K 600 mm ',9,800,4,0,NULL,3,'a:3:{i:0;s:1:\"2\";i:1;s:1:\"3\";i:2;s:1:\"7\";}','AC11158',1,'L70/B50',NULL,'You will find further information and the exact guarantee terms and conditions at www.ledvance.com/guarantee',7,2,'T8U'),(10,'4058075137462','ST8V-UN16 W/3000 K 1200 mm ',23,1550,1,0,NULL,3,'a:3:{i:0;s:1:\"2\";i:1;s:1:\"3\";i:2;s:1:\"7\";}','AC11159',1,'L70/B50',NULL,'You will find further information and the exact guarantee terms and conditions at www.ledvance.com/guarantee',15,2,'T8U'),(11,'4058075137486','ST8V-UN16 W/4000 K 1200 mm ',23,1700,3,0,NULL,3,'a:3:{i:0;s:1:\"2\";i:1;s:1:\"3\";i:2;s:1:\"7\";}','AC11160',1,'L70/B50',NULL,'You will find further information and the exact guarantee terms and conditions at www.ledvance.com/guarantee',15,2,'T8U'),(12,'4058075137509','ST8V-UN16 W/6500 K 1200 mm ',23,1700,4,0,NULL,3,'a:3:{i:0;s:1:\"2\";i:1;s:1:\"3\";i:2;s:1:\"7\";}','AC11161',1,'L70/B50',NULL,'You will find further information and the exact guarantee terms and conditions at www.ledvance.com/guarantee',15,2,'T8U'),(13,'4058075137523','ST8V-UN19 W/3000 K 1500 mm ',30,1800,1,0,NULL,3,'a:3:{i:0;s:1:\"2\";i:1;s:1:\"3\";i:2;s:1:\"7\";}','AC11162',1,'L70/B50',NULL,'You will find further information and the exact guarantee terms and conditions at www.ledvance.com/guarantee',20,2,'T8U'),(14,'4058075137547','ST8V-UN19 W/4000 K 1500 mm ',30,2000,3,0,NULL,3,'a:3:{i:0;s:1:\"2\";i:1;s:1:\"3\";i:2;s:1:\"7\";}','AC11163',1,'L70/B50',NULL,'You will find further information and the exact guarantee terms and conditions at www.ledvance.com/guarantee',20,2,'T8U'),(15,'4058075137561','ST8V-UN19 W/6500 K 1500 mm ',30,2000,4,0,NULL,3,'a:3:{i:0;s:1:\"2\";i:1;s:1:\"3\";i:2;s:1:\"7\";}','AC11169',1,'L70/B50',NULL,'You will find further information and the exact guarantee terms and conditions at www.ledvance.com/guarantee',20,2,'T8U'),(16,'4058075137585','ST8A-UN7.5 W/3000 K 600 mm ',7,1000,1,1,NULL,5,'a:5:{i:0;s:1:\"1\";i:1;s:1:\"2\";i:2;s:1:\"4\";i:3;s:1:\"8\";i:4;s:1:\"9\";}','AC11137',2,'L70/B50',NULL,'You will find further information and the exact guarantee terms and conditions at www.ledvance.com/guarantee',7,2,'T8U'),(17,'4058075137608','ST8A-UN7.5 W/4000 K 600 mm ',7,1100,3,1,NULL,5,'a:5:{i:0;s:1:\"1\";i:1;s:1:\"2\";i:2;s:1:\"4\";i:3;s:1:\"8\";i:4;s:1:\"9\";}','AC11138',2,'L70/B50',NULL,'You will find further information and the exact guarantee terms and conditions at www.ledvance.com/guarantee',7,2,'T8U'),(18,'4058075137622','ST8A-UN7.5 W/6500 K 600 mm ',7,1100,4,1,NULL,5,'a:5:{i:0;s:1:\"1\";i:1;s:1:\"2\";i:2;s:1:\"4\";i:3;s:1:\"8\";i:4;s:1:\"9\";}','AC11139',2,'L70/B50',NULL,'You will find further information and the exact guarantee terms and conditions at www.ledvance.com/guarantee',7,2,'T8U'),(19,'4058075137646','ST8A-UN14 W/3000 K 1200 mm ',18,1900,1,1,NULL,5,'a:5:{i:0;s:1:\"1\";i:1;s:1:\"2\";i:2;s:1:\"4\";i:3;s:1:\"8\";i:4;s:1:\"9\";}','AC11140',2,'L70/B50',NULL,'You will find further information and the exact guarantee terms and conditions at www.ledvance.com/guarantee',15,2,'T8U'),(20,'4058075137660','ST8A-UN14 W/4000 K 1200 mm ',18,2100,3,1,NULL,5,'a:5:{i:0;s:1:\"1\";i:1;s:1:\"2\";i:2;s:1:\"4\";i:3;s:1:\"8\";i:4;s:1:\"9\";}','AC11141',2,'L70/B50',NULL,'You will find further information and the exact guarantee terms and conditions at www.ledvance.com/guarantee',15,2,'T8U'),(21,'4058075137684','ST8A-UN14 W/6500 K 1200 mm ',18,2100,4,1,NULL,5,'a:5:{i:0;s:1:\"1\";i:1;s:1:\"2\";i:2;s:1:\"4\";i:3;s:1:\"8\";i:4;s:1:\"9\";}','AC11142',2,'L70/B50',NULL,'You will find further information and the exact guarantee terms and conditions at www.ledvance.com/guarantee',15,2,'T8U'),(22,'4058075137707','ST8A-UN20 W/3000 K 1500 mm ',32,2800,1,1,NULL,5,'a:5:{i:0;s:1:\"1\";i:1;s:1:\"2\";i:2;s:1:\"4\";i:3;s:1:\"8\";i:4;s:1:\"9\";}','AC11143',2,'L70/B50',NULL,'You will find further information and the exact guarantee terms and conditions at www.ledvance.com/guarantee',20,2,'T8U'),(23,'4058075137721','ST8A-UN20 W/4000 K 1500 mm ',32,3100,3,1,NULL,5,'a:5:{i:0;s:1:\"1\";i:1;s:1:\"2\";i:2;s:1:\"4\";i:3;s:1:\"8\";i:4;s:1:\"9\";}','AC11144',2,'L70/B50',NULL,'You will find further information and the exact guarantee terms and conditions at www.ledvance.com/guarantee',20,2,'T8U'),(24,'4058075137745','ST8A-UN20 W/6500 K 1500 mm ',32,3100,4,1,NULL,5,'a:5:{i:0;s:1:\"1\";i:1;s:1:\"2\";i:2;s:1:\"4\";i:3;s:1:\"8\";i:4;s:1:\"9\";}','AC11145',2,'L70/B50',NULL,'You will find further information and the exact guarantee terms and conditions at www.ledvance.com/guarantee',20,2,'T8U'),(25,'4058075137769','ST8AU-UN15 W/4000 K 1200 mm ',21,2400,3,1,NULL,5,'a:6:{i:0;s:1:\"1\";i:1;s:1:\"2\";i:2;s:1:\"4\";i:3;s:1:\"6\";i:4;s:1:\"8\";i:5;s:1:\"9\";}','AC11121',3,'L70/B50',NULL,'You will find further information and the exact guarantee terms and conditions at www.ledvance.com/guarantee',15,2,'T8U'),(26,'4058075137783','ST8AU-UN15 W/6500 K 1200 mm ',21,2400,4,1,NULL,5,'a:6:{i:0;s:1:\"1\";i:1;s:1:\"2\";i:2;s:1:\"4\";i:3;s:1:\"6\";i:4;s:1:\"8\";i:5;s:1:\"9\";}','AC11134',3,'L70/B50',NULL,'You will find further information and the exact guarantee terms and conditions at www.ledvance.com/guarantee',15,2,'T8U'),(27,'4058075137806','ST8AU-UN23 W/4000 K 1500 mm ',35,3700,3,1,NULL,5,'a:6:{i:0;s:1:\"1\";i:1;s:1:\"2\";i:2;s:1:\"4\";i:3;s:1:\"6\";i:4;s:1:\"8\";i:5;s:1:\"9\";}','AC11135',3,'L70/B50',NULL,'You will find further information and the exact guarantee terms and conditions at www.ledvance.com/guarantee',20,2,'T8U'),(28,'4058075137820','ST8AU-UN23 W/6500 K 1500 mm ',35,3700,4,1,NULL,5,'a:6:{i:0;s:1:\"1\";i:1;s:1:\"2\";i:2;s:1:\"4\";i:3;s:1:\"6\";i:4;s:1:\"8\";i:5;s:1:\"9\";}','AC111360',3,'L70/B50',NULL,'You will find further information and the exact guarantee terms and conditions at www.ledvance.com/guarantee',20,2,'T8U'),(29,'4058075137844','ST5HO80-UN37 W/3000 K 1449.00 mm ',40,5050,1,1,NULL,5,'a:8:{i:0;s:1:\"1\";i:1;s:1:\"2\";i:2;s:1:\"3\";i:3;s:1:\"4\";i:4;s:1:\"6\";i:5;s:1:\"7\";i:6;s:1:\"8\";i:7;s:1:\"9\";}','AC25163',3,'L70/B50',NULL,'You will find further information and the exact guarantee terms and conditions at www.ledvance.com/guarantee',19,1,'T5U'),(30,'4058075137868','ST5HO80-UN37 W/4000 K 1449.00 mm ',40,5600,3,1,NULL,5,'a:8:{i:0;s:1:\"1\";i:1;s:1:\"2\";i:2;s:1:\"3\";i:3;s:1:\"4\";i:4;s:1:\"6\";i:5;s:1:\"7\";i:6;s:1:\"8\";i:7;s:1:\"9\";}','AC25164',3,'L70/B50',NULL,'You will find further information and the exact guarantee terms and conditions at www.ledvance.com/guarantee',19,1,'T5U'),(31,'4058075137882','ST5HO80-UN37 W/6500 K 1449.00 mm ',40,5600,4,1,NULL,5,'a:8:{i:0;s:1:\"1\";i:1;s:1:\"2\";i:2;s:1:\"3\";i:3;s:1:\"4\";i:4;s:1:\"6\";i:5;s:1:\"7\";i:6;s:1:\"8\";i:7;s:1:\"9\";}','AC25165',3,'L70/B50',NULL,'You will find further information and the exact guarantee terms and conditions at www.ledvance.com/guarantee',19,1,'T5U'),(32,'4058075137905','ST5HO54-UN26 W/3000 K 1149.00 mm ',39,3600,1,1,NULL,5,'a:8:{i:0;s:1:\"1\";i:1;s:1:\"2\";i:2;s:1:\"3\";i:3;s:1:\"4\";i:4;s:1:\"6\";i:5;s:1:\"7\";i:6;s:1:\"8\";i:7;s:1:\"9\";}','AC25157',3,'L70/B50',NULL,'You will find further information and the exact guarantee terms and conditions at www.ledvance.com/guarantee',14,1,'T5U'),(33,'4058075137929','ST5HO54-UN26 W/4000 K 1149.00 mm ',39,4000,3,1,NULL,5,'a:8:{i:0;s:1:\"1\";i:1;s:1:\"2\";i:2;s:1:\"3\";i:3;s:1:\"4\";i:4;s:1:\"6\";i:5;s:1:\"7\";i:6;s:1:\"8\";i:7;s:1:\"9\";}','AC25159',3,'L70/B50',NULL,'You will find further information and the exact guarantee terms and conditions at www.ledvance.com/guarantee',14,1,'T5U'),(34,'4058075137943','ST5HO54-UN26 W/6500 K 1149.00 mm ',39,4000,4,1,NULL,5,'a:8:{i:0;s:1:\"1\";i:1;s:1:\"2\";i:2;s:1:\"3\";i:3;s:1:\"4\";i:4;s:1:\"6\";i:5;s:1:\"7\";i:6;s:1:\"8\";i:7;s:1:\"9\";}','AC25158',3,'L70/B50',NULL,'You will find further information and the exact guarantee terms and conditions at www.ledvance.com/guarantee',14,1,'T5U'),(35,'4058075137967','ST5HO49-UN26 W/3000 K 1449.00 mm ',39,3600,1,1,NULL,5,'a:8:{i:0;s:1:\"1\";i:1;s:1:\"2\";i:2;s:1:\"3\";i:3;s:1:\"4\";i:4;s:1:\"6\";i:5;s:1:\"7\";i:6;s:1:\"8\";i:7;s:1:\"9\";}','AC25160',3,'L70/B50',NULL,'You will find further information and the exact guarantee terms and conditions at www.ledvance.com/guarantee',19,1,'T5U'),(36,'4058075137981','ST5HO49-UN26 W/4000 K 1449.00 mm ',39,4000,3,1,NULL,5,'a:8:{i:0;s:1:\"1\";i:1;s:1:\"2\";i:2;s:1:\"3\";i:3;s:1:\"4\";i:4;s:1:\"6\";i:5;s:1:\"7\";i:6;s:1:\"8\";i:7;s:1:\"9\";}','AC25161',3,'L70/B50',NULL,'You will find further information and the exact guarantee terms and conditions at www.ledvance.com/guarantee',19,1,'T5U'),(37,'4058075138001','ST5HO49-UN26 W/6500 K 1449.00 mm ',39,4000,4,1,NULL,5,'a:8:{i:0;s:1:\"1\";i:1;s:1:\"2\";i:2;s:1:\"3\";i:3;s:1:\"4\";i:4;s:1:\"6\";i:5;s:1:\"7\";i:6;s:1:\"8\";i:7;s:1:\"9\";}','AC25162',3,'L70/B50',NULL,'You will find further information and the exact guarantee terms and conditions at www.ledvance.com/guarantee',19,1,'T5U'),(38,'4058075138025','ST5HE35-UN18 W/3000 K 1449.00 mm ',27,2550,1,1,NULL,5,'a:8:{i:0;s:1:\"1\";i:1;s:1:\"2\";i:2;s:1:\"3\";i:3;s:1:\"4\";i:4;s:1:\"6\";i:5;s:1:\"7\";i:6;s:1:\"8\";i:7;s:1:\"9\";}','AC25151',3,'L70/B50',NULL,'You will find further information and the exact guarantee terms and conditions at www.ledvance.com/guarantee',19,1,'T5U'),(39,'4058075138049','ST5HE35-UN18 W/4000 K 1449.00 mm ',27,2800,3,1,NULL,5,'a:8:{i:0;s:1:\"1\";i:1;s:1:\"2\";i:2;s:1:\"3\";i:3;s:1:\"4\";i:4;s:1:\"6\";i:5;s:1:\"7\";i:6;s:1:\"8\";i:7;s:1:\"9\";}','AC25152',3,'L70/B50',NULL,'You will find further information and the exact guarantee terms and conditions at www.ledvance.com/guarantee',19,1,'T5U'),(40,'4058075138063','ST5HE35-UN18 W/6500 K 1449.00 mm ',27,2800,4,1,NULL,5,'a:8:{i:0;s:1:\"1\";i:1;s:1:\"2\";i:2;s:1:\"3\";i:3;s:1:\"4\";i:4;s:1:\"6\";i:5;s:1:\"7\";i:6;s:1:\"8\";i:7;s:1:\"9\";}','AC25153',3,'L70/B50',NULL,'You will find further information and the exact guarantee terms and conditions at www.ledvance.com/guarantee',19,1,'T5U'),(41,'4058075138087','ST5HE28-UN17 W/3000 K 1149.00 mm ',25,2350,1,1,NULL,5,'a:8:{i:0;s:1:\"1\";i:1;s:1:\"2\";i:2;s:1:\"3\";i:3;s:1:\"4\";i:4;s:1:\"6\";i:5;s:1:\"7\";i:6;s:1:\"8\";i:7;s:1:\"9\";}','AC25154 ',3,'L70/B50',NULL,'You will find further information and the exact guarantee terms and conditions at www.ledvance.com/guarantee',14,1,'T5U'),(42,'4058075138100','ST5HE28-UN17 W/4000 K 1149.00 mm ',25,2600,3,1,NULL,5,'a:8:{i:0;s:1:\"1\";i:1;s:1:\"2\";i:2;s:1:\"3\";i:3;s:1:\"4\";i:4;s:1:\"6\";i:5;s:1:\"7\";i:6;s:1:\"8\";i:7;s:1:\"9\";}','AC25155',3,'L70/B50',NULL,'You will find further information and the exact guarantee terms and conditions at www.ledvance.com/guarantee',14,1,'T5U'),(43,'4058075138124','ST5HE28-UN17 W/6500 K 1149.00 mm ',25,2600,4,1,NULL,5,'a:8:{i:0;s:1:\"1\";i:1;s:1:\"2\";i:2;s:1:\"3\";i:3;s:1:\"4\";i:4;s:1:\"6\";i:5;s:1:\"7\";i:6;s:1:\"8\";i:7;s:1:\"9\";}','AC25156',3,'L70/B50',NULL,'You will find further information and the exact guarantee terms and conditions at www.ledvance.com/guarantee',14,1,'T5U'),(44,'4058075138148','ST5HE21-UN10 W/3000 K 849.00 mm ',10,1350,1,1,NULL,5,'a:8:{i:0;s:1:\"1\";i:1;s:1:\"2\";i:2;s:1:\"3\";i:3;s:1:\"4\";i:4;s:1:\"6\";i:5;s:1:\"7\";i:6;s:1:\"8\";i:7;s:1:\"9\";}','AC11185',3,'L70/B50',NULL,'You will find further information and the exact guarantee terms and conditions at www.ledvance.com/guarantee',10,1,'T5U'),(45,'4058075138162','ST5HE21-UN10 W/4000 K 849.00 mm ',10,1500,3,1,NULL,5,'a:8:{i:0;s:1:\"1\";i:1;s:1:\"2\";i:2;s:1:\"3\";i:3;s:1:\"4\";i:4;s:1:\"6\";i:5;s:1:\"7\";i:6;s:1:\"8\";i:7;s:1:\"9\";}','AC11186',3,'L70/B50',NULL,'You will find further information and the exact guarantee terms and conditions at www.ledvance.com/guarantee',10,1,'T5U'),(46,'4058075138186','ST5HE21-UN10 W/6500 K 849.00 mm ',10,1500,4,1,NULL,5,'a:8:{i:0;s:1:\"1\";i:1;s:1:\"2\";i:2;s:1:\"3\";i:3;s:1:\"4\";i:4;s:1:\"6\";i:5;s:1:\"7\";i:6;s:1:\"8\";i:7;s:1:\"9\";}','AC11187',3,'L70/B50',NULL,'You will find further information and the exact guarantee terms and conditions at www.ledvance.com/guarantee',10,1,'T5U'),(47,'4058075138209','ST5HE14-UN7 W/3000 K 549.00 mm ',5,900,1,1,NULL,5,'a:8:{i:0;s:1:\"1\";i:1;s:1:\"2\";i:2;s:1:\"3\";i:3;s:1:\"4\";i:4;s:1:\"6\";i:5;s:1:\"7\";i:6;s:1:\"8\";i:7;s:1:\"9\";}','AC11188',3,'L70/B50',NULL,'You will find further information and the exact guarantee terms and conditions at www.ledvance.com/guarantee',6,1,'T5U'),(48,'4058075138223','ST5HE14-UN7 W/4000 K 549.00 mm ',5,1000,3,1,NULL,5,'a:8:{i:0;s:1:\"1\";i:1;s:1:\"2\";i:2;s:1:\"3\";i:3;s:1:\"4\";i:4;s:1:\"6\";i:5;s:1:\"7\";i:6;s:1:\"8\";i:7;s:1:\"9\";}','AC11189',3,'L70/B50',NULL,'You will find further information and the exact guarantee terms and conditions at www.ledvance.com/guarantee',6,1,'T5U'),(49,'4058075138247','ST5HE14-UN7 W/6500 K 549.00 mm ',5,1000,4,1,NULL,5,'a:8:{i:0;s:1:\"1\";i:1;s:1:\"2\";i:2;s:1:\"3\";i:3;s:1:\"4\";i:4;s:1:\"6\";i:5;s:1:\"7\";i:6;s:1:\"8\";i:7;s:1:\"9\";}','AC11190',3,'L70/B50',NULL,'You will find further information and the exact guarantee terms and conditions at www.ledvance.com/guarantee',6,1,'T5U'),(50,'4058075187337','SubstiTUBE T8 EM CON Advanced Ultra Ouput7.5 W/4000 K 600 mm ',7,1100,3,1,1,5,'a:6:{i:0;s:1:\"2\";i:1;s:1:\"3\";i:2;s:1:\"9\";i:3;s:1:\"2\";i:4;s:1:\"3\";i:5;s:1:\"9\";}','AC12900',2,'L70/B50',NULL,'You will find further information and the exact guarantee terms and conditions at www.ledvance.com/guarantee',8,2,'EM'),(51,'4058075187351','SubstiTUBE T8 EM CON Advanced Ultra Ouput7.5 W/6500 K 600 mm ',7,1100,4,1,1,5,'a:6:{i:0;s:1:\"2\";i:1;s:1:\"3\";i:2;s:1:\"9\";i:3;s:1:\"2\";i:4;s:1:\"3\";i:5;s:1:\"9\";}','AC12901',2,'L70/B50',NULL,'You will find further information and the exact guarantee terms and conditions at www.ledvance.com/guarantee',8,2,'EM'),(52,'4058075187375','SubstiTUBE T8 EM CON Advanced Ultra Ouput16 W/4000 K 1200 mm ',23,2400,3,1,1,5,'a:6:{i:0;s:1:\"2\";i:1;s:1:\"3\";i:2;s:1:\"9\";i:3;s:1:\"2\";i:4;s:1:\"3\";i:5;s:1:\"9\";}','AC12902',2,'L70/B50',NULL,'You will find further information and the exact guarantee terms and conditions at www.ledvance.com/guarantee',18,2,'EM'),(53,'4058075187399','SubstiTUBE T8 EM CON Advanced Ultra Ouput16 W/6500 K 1200 mm ',23,2400,4,1,1,5,'a:6:{i:0;s:1:\"2\";i:1;s:1:\"3\";i:2;s:1:\"9\";i:3;s:1:\"2\";i:4;s:1:\"3\";i:5;s:1:\"9\";}','AC12903',2,'L70/B50','6','You will find further information and the exact guarantee terms and conditions at www.ledvance.com/guarantee',18,2,'EM'),(54,'4058075187634','SubstiTUBE T8 EM CON Advanced Ultra Ouput24 W/4000 K 1500 mm ',38,3600,3,1,1,5,'a:6:{i:0;s:1:\"2\";i:1;s:1:\"3\";i:2;s:1:\"9\";i:3;s:1:\"2\";i:4;s:1:\"3\";i:5;s:1:\"9\";}','AC12904',2,'L70/B50',NULL,'You will find further information and the exact guarantee terms and conditions at www.ledvance.com/guarantee',21,2,'EM'),(55,'4058075187658','SubstiTUBE T8 EM CON Advanced Ultra Ouput24 W/6500 K 1500 mm ',38,3600,4,1,1,5,'a:6:{i:0;s:1:\"2\";i:1;s:1:\"3\";i:2;s:1:\"9\";i:3;s:1:\"2\";i:4;s:1:\"3\";i:5;s:1:\"9\";}','AC12905',2,'L70/B50',NULL,'You will find further information and the exact guarantee terms and conditions at www.ledvance.com/guarantee',21,2,'EM'),(56,'4058075292413','ST8MS-EM7.3 W/4000 K 600 mm EM',6,1100,3,1,NULL,5,'a:1:{i:0;s:1:\"7\";}','AC17919',2,'L70/B50',NULL,'You will find further information and the exact guarantee terms and conditions at www.ledvance.com/guarantee',9,2,'EM'),(57,'4058075292437','ST8MS-EM14 W/4000 K 1200 mm EM',18,2100,3,1,NULL,5,'a:1:{i:0;s:1:\"7\";}','AC17920',2,'L70/B50',NULL,'You will find further information and the exact guarantee terms and conditions at www.ledvance.com/guarantee',16,2,'EM'),(58,'4058075292451','ST8MS-EM20.6 W/4000 K 1500 mm EM',33,3100,3,1,NULL,5,'a:1:{i:0;s:1:\"7\";}','AC17921',2,'L70/B50',NULL,'You will find further information and the exact guarantee terms and conditions at www.ledvance.com/guarantee',21,2,'EM'),(59,'4058075292475','SubstiTUBE T8 EM Food7.9 W/3300 K 900 mm EM',8,750,2,1,NULL,5,'a:1:{i:0;s:1:\"5\";}','AC17922 , AC35217',2,'L70/B50',NULL,'You will find further information and the exact guarantee terms and conditions at www.ledvance.com/guarantee',11,2,'EM'),(60,'4058075292499','SubstiTUBE T8 EM Food11.6 W/3300 K 1200 mm EM',13,1100,2,1,NULL,5,'a:1:{i:0;s:1:\"5\";}','AC17923, AC35218',2,'L70/B50',NULL,'You will find further information and the exact guarantee terms and conditions at www.ledvance.com/guarantee',16,2,'EM'),(61,'4058075292512','SubstiTUBE T8 EM Food17.9 W/3300 K 1500 mm EM',26,1700,2,1,NULL,5,'a:1:{i:0;s:1:\"5\";}','AC17924, AC35219',2,'L70/B50',NULL,'You will find further information and the exact guarantee terms and conditions at www.ledvance.com/guarantee',21,2,'EM'),(62,'4058075453968','ST8PROUO-EM14.3 W/3000 K 1200 mm ',19,2250,1,1,1,5,'a:6:{i:0;s:1:\"1\";i:1;s:1:\"2\";i:2;s:1:\"4\";i:3;s:1:\"6\";i:4;s:1:\"8\";i:5;s:1:\"9\";}','AC26942',3,'L70/B50',NULL,'You will find further information and the exact guarantee terms and conditions at www.ledvance.com/guarantee',16,2,'EM'),(63,'4058075453982','ST8PROUO-EM14.3 W/4000 K 1200 mm ',19,2500,3,1,1,5,'a:6:{i:0;s:1:\"1\";i:1;s:1:\"2\";i:2;s:1:\"4\";i:3;s:1:\"6\";i:4;s:1:\"8\";i:5;s:1:\"9\";}','AC26943',3,'L70/B50',NULL,'You will find further information and the exact guarantee terms and conditions at www.ledvance.com/guarantee',16,2,'EM'),(64,'4058075454002','ST8PROUO-EM14.3 W/6500 K 1200 mm ',19,2500,4,1,1,5,'a:6:{i:0;s:1:\"1\";i:1;s:1:\"2\";i:2;s:1:\"4\";i:3;s:1:\"6\";i:4;s:1:\"8\";i:5;s:1:\"9\";}','AC26944',3,'L70/B50',NULL,'You will find further information and the exact guarantee terms and conditions at www.ledvance.com/guarantee',16,2,'EM'),(65,'4058075454026','ST8PROUO-EM21.1 W/3000 K 1500 mm ',34,3330,1,1,1,5,'a:6:{i:0;s:1:\"1\";i:1;s:1:\"2\";i:2;s:1:\"4\";i:3;s:1:\"6\";i:4;s:1:\"8\";i:5;s:1:\"9\";}','AC26945',3,'L70/B50',NULL,'You will find further information and the exact guarantee terms and conditions at www.ledvance.com/guarantee',21,2,'EM'),(66,'4058075454040','ST8PROUO-EM21.1 W/4000 K 1500 mm ',34,3700,3,1,1,5,'a:6:{i:0;s:1:\"1\";i:1;s:1:\"2\";i:2;s:1:\"4\";i:3;s:1:\"6\";i:4;s:1:\"8\";i:5;s:1:\"9\";}','AC26946',3,'L70/B50',NULL,'You will find further information and the exact guarantee terms and conditions at www.ledvance.com/guarantee',21,2,'EM'),(67,'4058075454064','ST8PROUO-EM21.1 W/6500 K 1500 mm ',34,3700,4,1,1,5,'a:6:{i:0;s:1:\"1\";i:1;s:1:\"2\";i:2;s:1:\"4\";i:3;s:1:\"6\";i:4;s:1:\"8\";i:5;s:1:\"9\";}','AC26947',3,'L70/B50',NULL,'You will find further information and the exact guarantee terms and conditions at www.ledvance.com/guarantee',21,2,'EM'),(68,'4058075454088','ST8PRO-EM6.7 W/4000 K 600 mm ',3,1100,3,1,1,5,'a:5:{i:0;s:1:\"1\";i:1;s:1:\"2\";i:2;s:1:\"4\";i:3;s:1:\"8\";i:4;s:1:\"9\";}','AC26948',3,'L70/B50',NULL,'You will find further information and the exact guarantee terms and conditions at www.ledvance.com/guarantee',8,2,'EM'),(69,'4058075454101','ST8PRO-EM6.7 W/6500 K 600 mm ',3,1100,4,1,1,5,'a:5:{i:0;s:1:\"1\";i:1;s:1:\"2\";i:2;s:1:\"4\";i:3;s:1:\"8\";i:4;s:1:\"9\";}','AC26949',3,'L70/B50',NULL,'You will find further information and the exact guarantee terms and conditions at www.ledvance.com/guarantee',8,2,'EM'),(70,'4058075454125','ST8PRO-EM10.3 W/4000 K 900 mm ',11,1700,3,1,1,5,'a:5:{i:0;s:1:\"1\";i:1;s:1:\"2\";i:2;s:1:\"4\";i:3;s:1:\"8\";i:4;s:1:\"9\";}','AC26950',3,'L70/B50',NULL,'You will find further information and the exact guarantee terms and conditions at www.ledvance.com/guarantee',11,2,'EM'),(71,'4058075454149','ST8PRO-EM10.3 W/6500 K 900 mm ',11,1700,4,1,1,5,'a:5:{i:0;s:1:\"1\";i:1;s:1:\"2\";i:2;s:1:\"4\";i:3;s:1:\"8\";i:4;s:1:\"9\";}','AC26951',3,'L70/B50',NULL,'You will find further information and the exact guarantee terms and conditions at www.ledvance.com/guarantee',11,2,'EM'),(72,'4058075454163','ST8PRO-EM12.1 W/4000 K 1100 mm ',15,2000,3,1,1,5,'a:5:{i:0;s:1:\"1\";i:1;s:1:\"2\";i:2;s:1:\"4\";i:3;s:1:\"8\";i:4;s:1:\"9\";}','AC26952',3,'L70/B50',NULL,'You will find further information and the exact guarantee terms and conditions at www.ledvance.com/guarantee',13,2,'EM'),(73,'4058075454187','ST8PRO-EM12.1 W/6500 K 1100 mm ',15,2000,4,1,1,5,'a:5:{i:0;s:1:\"1\";i:1;s:1:\"2\";i:2;s:1:\"4\";i:3;s:1:\"8\";i:4;s:1:\"9\";}','AC26953',3,'L70/B50',NULL,'You will find further information and the exact guarantee terms and conditions at www.ledvance.com/guarantee',13,2,'EM'),(74,'4058075454200','ST8PRO-EM12.7 W/4000 K 1200 mm ',16,2100,3,1,1,5,'a:5:{i:0;s:1:\"1\";i:1;s:1:\"2\";i:2;s:1:\"4\";i:3;s:1:\"8\";i:4;s:1:\"9\";}','AC26954',3,'L70/B50',NULL,'You will find further information and the exact guarantee terms and conditions at www.ledvance.com/guarantee',16,2,'EM'),(75,'4058075454224','ST8PRO-EM12.7 W/6500 K 1200 mm ',16,2100,4,1,1,5,'a:5:{i:0;s:1:\"1\";i:1;s:1:\"2\";i:2;s:1:\"4\";i:3;s:1:\"8\";i:4;s:1:\"9\";}','AC26955',3,'L70/B50',NULL,'You will find further information and the exact guarantee terms and conditions at www.ledvance.com/guarantee',16,2,'EM'),(76,'4058075454248','ST8PRO-EM18.8 W/4000 K 1500 mm ',29,3100,3,1,1,5,'a:5:{i:0;s:1:\"1\";i:1;s:1:\"2\";i:2;s:1:\"4\";i:3;s:1:\"8\";i:4;s:1:\"9\";}','AC26956',3,'L70/B50',NULL,'You will find further information and the exact guarantee terms and conditions at www.ledvance.com/guarantee',21,2,'EM'),(77,'4058075454262','ST8PRO-EM18.8 W/6500 K 1500 mm ',29,3100,4,1,1,5,'a:5:{i:0;s:1:\"1\";i:1;s:1:\"2\";i:2;s:1:\"4\";i:3;s:1:\"8\";i:4;s:1:\"9\";}','AC26957',3,'L70/B50',NULL,'You will find further information and the exact guarantee terms and conditions at www.ledvance.com/guarantee',21,2,'EM'),(78,'4058075454446','ST8V-EM7.3 W/3000 K 600 mm ',6,720,1,0,NULL,3,'a:3:{i:0;s:1:\"2\";i:1;s:1:\"3\";i:2;s:1:\"7\";}','AC25358',1,'L70/B50',NULL,'You will find further information and the exact guarantee terms and conditions at www.ledvance.com/guarantee',8,2,'EM'),(79,'4058075454460','ST8V-EM7.3 W/4000 K 600 mm ',6,800,3,0,NULL,3,'a:3:{i:0;s:1:\"2\";i:1;s:1:\"3\";i:2;s:1:\"7\";}','AC25359',1,'L70/B50',NULL,'You will find further information and the exact guarantee terms and conditions at www.ledvance.com/guarantee',8,2,'EM'),(80,'4058075454484','ST8V-EM7.3 W/6500 K 600 mm ',6,800,4,0,NULL,3,'a:3:{i:0;s:1:\"2\";i:1;s:1:\"3\";i:2;s:1:\"7\";}','AC25360',1,'L70/B50',NULL,'You will find further information and the exact guarantee terms and conditions at www.ledvance.com/guarantee',8,2,'EM'),(81,'4058075454507','ST8V-EM16.4 W/3000 K 1200 mm ',24,1620,1,0,NULL,3,'a:3:{i:0;s:1:\"2\";i:1;s:1:\"3\";i:2;s:1:\"7\";}','AC25361',1,'L70/B50',NULL,'You will find further information and the exact guarantee terms and conditions at www.ledvance.com/guarantee',16,2,'EM'),(82,'4058075454521','ST8V-EM16.4 W/4000 K 1200 mm ',24,1800,3,0,NULL,3,'a:3:{i:0;s:1:\"2\";i:1;s:1:\"3\";i:2;s:1:\"7\";}','AC25362',1,'L70/B50',NULL,'You will find further information and the exact guarantee terms and conditions at www.ledvance.com/guarantee',16,2,'EM'),(83,'4058075454545','ST8V-EM16.4 W/6500 K 1200 mm ',24,1800,4,0,NULL,3,'a:3:{i:0;s:1:\"2\";i:1;s:1:\"3\";i:2;s:1:\"7\";}','AC25363',1,'L70/B50',NULL,'You will find further information and the exact guarantee terms and conditions at www.ledvance.com/guarantee',16,2,'EM'),(84,'4058075454569','ST8V-EM20 W/3000 K 1500 mm ',32,1980,1,0,NULL,3,'a:3:{i:0;s:1:\"2\";i:1;s:1:\"3\";i:2;s:1:\"7\";}','AC25364',1,'L70/B50',NULL,'You will find further information and the exact guarantee terms and conditions at www.ledvance.com/guarantee',21,2,'EM'),(85,'4058075454583','ST8V-EM20 W/4000 K 1500 mm ',32,2200,3,0,NULL,3,'a:3:{i:0;s:1:\"2\";i:1;s:1:\"3\";i:2;s:1:\"7\";}','AC25365',1,'L70/B50',NULL,'You will find further information and the exact guarantee terms and conditions at www.ledvance.com/guarantee',21,2,'EM'),(86,'4058075454606','ST8V-EM20 W/6500 K 1500 mm ',32,2200,4,0,NULL,3,'a:3:{i:0;s:1:\"2\";i:1;s:1:\"3\";i:2;s:1:\"7\";}','AC25366',1,'L70/B50',NULL,'You will find further information and the exact guarantee terms and conditions at www.ledvance.com/guarantee',21,2,'EM'),(87,'4058075454620','ST8AU-EM15.6 W/3000 K 1200 mm EM',22,2250,1,0,NULL,5,'a:7:{i:0;s:1:\"1\";i:1;s:1:\"2\";i:2;s:1:\"3\";i:3;s:1:\"4\";i:4;s:1:\"6\";i:5;s:1:\"8\";i:6;s:1:\"9\";}','AC25377',2,'L70/B50',NULL,'You will find further information and the exact guarantee terms and conditions at www.ledvance.com/guarantee',16,2,'EM'),(88,'4058075454644','ST8AU-EM15.6 W/4000 K 1200 mm EM',22,2500,3,0,NULL,5,'a:7:{i:0;s:1:\"1\";i:1;s:1:\"2\";i:2;s:1:\"3\";i:3;s:1:\"4\";i:4;s:1:\"6\";i:5;s:1:\"8\";i:6;s:1:\"9\";}','AC25378',2,'L70/B50',NULL,'You will find further information and the exact guarantee terms and conditions at www.ledvance.com/guarantee',16,2,'EM'),(89,'4058075454668','ST8AU-EM15.6 W/6500 K 1200 mm EM',22,2500,4,0,NULL,5,'a:7:{i:0;s:1:\"1\";i:1;s:1:\"2\";i:2;s:1:\"3\";i:3;s:1:\"4\";i:4;s:1:\"6\";i:5;s:1:\"8\";i:6;s:1:\"9\";}','AC25379',2,'L70/B50',NULL,'You will find further information and the exact guarantee terms and conditions at www.ledvance.com/guarantee',16,2,'EM'),(90,'4058075454682','ST8AU-EM23.1 W/3000 K 1500 mm EM',36,3330,1,0,NULL,5,'a:7:{i:0;s:1:\"1\";i:1;s:1:\"2\";i:2;s:1:\"3\";i:3;s:1:\"4\";i:4;s:1:\"6\";i:5;s:1:\"8\";i:6;s:1:\"9\";}','AC25380',2,'L70/B50',NULL,'You will find further information and the exact guarantee terms and conditions at www.ledvance.com/guarantee',21,2,'EM'),(91,'4058075454705','ST8AU-EM23.1 W/4000 K 1500 mm EM',36,3700,3,0,NULL,5,'a:7:{i:0;s:1:\"1\";i:1;s:1:\"2\";i:2;s:1:\"3\";i:3;s:1:\"4\";i:4;s:1:\"6\";i:5;s:1:\"8\";i:6;s:1:\"9\";}','AC25381',2,'L70/B50',NULL,'You will find further information and the exact guarantee terms and conditions at www.ledvance.com/guarantee',21,2,'EM'),(92,'4058075454729','ST8AU-EM23.1 W/6500 K 1500 mm EM',36,3700,4,0,NULL,5,'a:7:{i:0;s:1:\"1\";i:1;s:1:\"2\";i:2;s:1:\"3\";i:3;s:1:\"4\";i:4;s:1:\"6\";i:5;s:1:\"8\";i:6;s:1:\"9\";}','AC25382',2,'L70/B50',NULL,'You will find further information and the exact guarantee terms and conditions at www.ledvance.com/guarantee',21,2,'EM'),(93,'4058075454743','ST8A-EM7.3 W/4000 K 600 mm EM',6,1100,3,0,NULL,5,'a:6:{i:0;s:1:\"1\";i:1;s:1:\"2\";i:2;s:1:\"3\";i:3;s:1:\"4\";i:4;s:1:\"8\";i:5;s:1:\"9\";}','AC25333',2,'L70/B50',NULL,'You will find further information and the exact guarantee terms and conditions at www.ledvance.com/guarantee',8,2,'EM'),(94,'4058075454767','ST8A-EM7.3 W/6500 K 600 mm EM',6,1100,4,0,NULL,5,'a:6:{i:0;s:1:\"1\";i:1;s:1:\"2\";i:2;s:1:\"3\";i:3;s:1:\"4\";i:4;s:1:\"8\";i:5;s:1:\"9\";}','AC25383',2,'L70/B50',NULL,'You will find further information and the exact guarantee terms and conditions at www.ledvance.com/guarantee',8,2,'EM'),(95,'4058075454781','ST8A-EM14 W/4000 K 1200 mm EM',18,2100,3,0,NULL,5,'a:6:{i:0;s:1:\"1\";i:1;s:1:\"2\";i:2;s:1:\"3\";i:3;s:1:\"4\";i:4;s:1:\"8\";i:5;s:1:\"9\";}','AC25384',2,'L70/B50',NULL,'You will find further information and the exact guarantee terms and conditions at www.ledvance.com/guarantee',16,2,'EM'),(96,'4058075454804','ST8A-EM14 W/6500 K 1200 mm EM',18,2100,4,0,NULL,5,'a:6:{i:0;s:1:\"1\";i:1;s:1:\"2\";i:2;s:1:\"3\";i:3;s:1:\"4\";i:4;s:1:\"8\";i:5;s:1:\"9\";}','AC25385',2,'L70/B50',NULL,'You will find further information and the exact guarantee terms and conditions at www.ledvance.com/guarantee',16,2,'EM'),(97,'4058075454828','ST8A-EM20.6 W/4000 K 1500 mm EM',33,3100,3,0,NULL,5,'a:6:{i:0;s:1:\"1\";i:1;s:1:\"2\";i:2;s:1:\"3\";i:3;s:1:\"4\";i:4;s:1:\"8\";i:5;s:1:\"9\";}','AC25386',2,'L70/B50',NULL,'You will find further information and the exact guarantee terms and conditions at www.ledvance.com/guarantee',21,2,'EM'),(98,'4058075454842','ST8A-EM20.6 W/6500 K 1500 mm EM',33,3100,4,0,NULL,5,'a:6:{i:0;s:1:\"1\";i:1;s:1:\"2\";i:2;s:1:\"3\";i:3;s:1:\"4\";i:4;s:1:\"8\";i:5;s:1:\"9\";}','AC25387',2,'L70/B50',NULL,'You will find further information and the exact guarantee terms and conditions at www.ledvance.com/guarantee',21,2,'EM'),(99,'4058075542945','SubstiTUBE T5 HF HO8037 W/3000 K 1449.00 mm ',40,5050,1,1,1,5,'a:16:{i:0;s:1:\"1\";i:1;s:1:\"2\";i:2;s:1:\"3\";i:3;s:1:\"4\";i:4;s:1:\"6\";i:5;s:1:\"7\";i:6;s:1:\"8\";i:7;s:1:\"9\";i:8;s:1:\"1\";i:9;s:1:\"2\";i:10;s:1:\"3\";i:11;s:1:\"4\";i:12;s:1:\"6\";i:13;s:1:\"7\";i:14;s:1:\"8\";i:15;s:1:\"9\";}','AC35142',2,'L70/B50','7','You will find further information and the exact guarantee terms and conditions at www.ledvance.com/guarantee',19,1,'HF'),(100,'4058075542969','SubstiTUBE T5 HF HO8037 W/4000 K 1449.00 mm ',40,5600,3,1,1,5,'a:16:{i:0;s:1:\"1\";i:1;s:1:\"2\";i:2;s:1:\"3\";i:3;s:1:\"4\";i:4;s:1:\"6\";i:5;s:1:\"7\";i:6;s:1:\"8\";i:7;s:1:\"9\";i:8;s:1:\"1\";i:9;s:1:\"2\";i:10;s:1:\"3\";i:11;s:1:\"4\";i:12;s:1:\"6\";i:13;s:1:\"7\";i:14;s:1:\"8\";i:15;s:1:\"9\";}','AC35143',2,'L70/B50','6','You will find further information and the exact guarantee terms and conditions at www.ledvance.com/guarantee',19,1,'HF'),(101,'4058075542983','SubstiTUBE T5 HF HO8037 W/6500 K 1449.00 mm ',40,5600,4,1,1,5,'a:16:{i:0;s:1:\"1\";i:1;s:1:\"2\";i:2;s:1:\"3\";i:3;s:1:\"4\";i:4;s:1:\"6\";i:5;s:1:\"7\";i:6;s:1:\"8\";i:7;s:1:\"9\";i:8;s:1:\"1\";i:9;s:1:\"2\";i:10;s:1:\"3\";i:11;s:1:\"4\";i:12;s:1:\"6\";i:13;s:1:\"7\";i:14;s:1:\"8\";i:15;s:1:\"9\";}','AC35144',2,'L70/B50','6','You will find further information and the exact guarantee terms and conditions at www.ledvance.com/guarantee',19,1,'HF'),(102,'4058075543003','SubstiTUBE T5 HF HO5426 W/3000 K 1149.00 mm ',39,3600,1,1,1,5,'a:16:{i:0;s:1:\"1\";i:1;s:1:\"2\";i:2;s:1:\"3\";i:3;s:1:\"4\";i:4;s:1:\"6\";i:5;s:1:\"7\";i:6;s:1:\"8\";i:7;s:1:\"9\";i:8;s:1:\"1\";i:9;s:1:\"2\";i:10;s:1:\"3\";i:11;s:1:\"4\";i:12;s:1:\"6\";i:13;s:1:\"7\";i:14;s:1:\"8\";i:15;s:1:\"9\";}','AC35145',2,'L70/B50','7','You will find further information and the exact guarantee terms and conditions at www.ledvance.com/guarantee',14,1,'HF'),(103,'4058075543027','SubstiTUBE T5 HF HO5426 W/4000 K 1149.00 mm ',39,4000,3,1,1,5,'a:16:{i:0;s:1:\"1\";i:1;s:1:\"2\";i:2;s:1:\"3\";i:3;s:1:\"4\";i:4;s:1:\"6\";i:5;s:1:\"7\";i:6;s:1:\"8\";i:7;s:1:\"9\";i:8;s:1:\"1\";i:9;s:1:\"2\";i:10;s:1:\"3\";i:11;s:1:\"4\";i:12;s:1:\"6\";i:13;s:1:\"7\";i:14;s:1:\"8\";i:15;s:1:\"9\";}','AC35146',2,'L70/B50','6','You will find further information and the exact guarantee terms and conditions at www.ledvance.com/guarantee',14,1,'HF'),(104,'4058075543041','SubstiTUBE T5 HF HO5426 W/6500 K 1149.00 mm ',39,4000,4,1,1,5,'a:16:{i:0;s:1:\"1\";i:1;s:1:\"2\";i:2;s:1:\"3\";i:3;s:1:\"4\";i:4;s:1:\"6\";i:5;s:1:\"7\";i:6;s:1:\"8\";i:7;s:1:\"9\";i:8;s:1:\"1\";i:9;s:1:\"2\";i:10;s:1:\"3\";i:11;s:1:\"4\";i:12;s:1:\"6\";i:13;s:1:\"7\";i:14;s:1:\"8\";i:15;s:1:\"9\";}','AC35147',2,'L70/B50','6','You will find further information and the exact guarantee terms and conditions at www.ledvance.com/guarantee',14,1,'HF'),(105,'4058075543065','SubstiTUBE T5 HF HO4926 W/3000 K 1449.00 mm ',39,3600,1,1,1,5,'a:16:{i:0;s:1:\"1\";i:1;s:1:\"2\";i:2;s:1:\"3\";i:3;s:1:\"4\";i:4;s:1:\"6\";i:5;s:1:\"7\";i:6;s:1:\"8\";i:7;s:1:\"9\";i:8;s:1:\"1\";i:9;s:1:\"2\";i:10;s:1:\"3\";i:11;s:1:\"4\";i:12;s:1:\"6\";i:13;s:1:\"7\";i:14;s:1:\"8\";i:15;s:1:\"9\";}','AC35148',2,'L70/B50','7','You will find further information and the exact guarantee terms and conditions at www.ledvance.com/guarantee',19,1,'HF'),(106,'4058075543089','SubstiTUBE T5 HF HO4926 W/4000 K 1449.00 mm ',39,4000,3,1,1,5,'a:16:{i:0;s:1:\"1\";i:1;s:1:\"2\";i:2;s:1:\"3\";i:3;s:1:\"4\";i:4;s:1:\"6\";i:5;s:1:\"7\";i:6;s:1:\"8\";i:7;s:1:\"9\";i:8;s:1:\"1\";i:9;s:1:\"2\";i:10;s:1:\"3\";i:11;s:1:\"4\";i:12;s:1:\"6\";i:13;s:1:\"7\";i:14;s:1:\"8\";i:15;s:1:\"9\";}','AC35149',2,'L70/B50','6','You will find further information and the exact guarantee terms and conditions at www.ledvance.com/guarantee',19,1,'HF'),(107,'4058075543102','SubstiTUBE T5 HF HO4926 W/6500 K 1449.00 mm ',39,4000,4,1,1,5,'a:16:{i:0;s:1:\"1\";i:1;s:1:\"2\";i:2;s:1:\"3\";i:3;s:1:\"4\";i:4;s:1:\"6\";i:5;s:1:\"7\";i:6;s:1:\"8\";i:7;s:1:\"9\";i:8;s:1:\"1\";i:9;s:1:\"2\";i:10;s:1:\"3\";i:11;s:1:\"4\";i:12;s:1:\"6\";i:13;s:1:\"7\";i:14;s:1:\"8\";i:15;s:1:\"9\";}','AC35150',2,'L70/B50','6','You will find further information and the exact guarantee terms and conditions at www.ledvance.com/guarantee',19,1,'HF'),(108,'4058075543126','SubstiTUBE T5 HF HE3518 W/3000 K 1449.00 mm ',27,2550,1,1,1,5,'a:16:{i:0;s:1:\"1\";i:1;s:1:\"2\";i:2;s:1:\"3\";i:3;s:1:\"4\";i:4;s:1:\"6\";i:5;s:1:\"7\";i:6;s:1:\"8\";i:7;s:1:\"9\";i:8;s:1:\"1\";i:9;s:1:\"2\";i:10;s:1:\"3\";i:11;s:1:\"4\";i:12;s:1:\"6\";i:13;s:1:\"7\";i:14;s:1:\"8\";i:15;s:1:\"9\";}','AC35151',2,'L70/B50','7','You will find further information and the exact guarantee terms and conditions at www.ledvance.com/guarantee',19,1,'HF'),(109,'4058075543140','SubstiTUBE T5 HF HE3518 W/4000 K 1449.00 mm ',27,2800,3,1,1,5,'a:16:{i:0;s:1:\"1\";i:1;s:1:\"2\";i:2;s:1:\"3\";i:3;s:1:\"4\";i:4;s:1:\"6\";i:5;s:1:\"7\";i:6;s:1:\"8\";i:7;s:1:\"9\";i:8;s:1:\"1\";i:9;s:1:\"2\";i:10;s:1:\"3\";i:11;s:1:\"4\";i:12;s:1:\"6\";i:13;s:1:\"7\";i:14;s:1:\"8\";i:15;s:1:\"9\";}','AC35152',2,'L70/B50','6','You will find further information and the exact guarantee terms and conditions at www.ledvance.com/guarantee',19,1,'HF'),(110,'4058075543164','SubstiTUBE T5 HF HE3518 W/6500 K 1449.00 mm ',27,2800,4,1,1,5,'a:16:{i:0;s:1:\"1\";i:1;s:1:\"2\";i:2;s:1:\"3\";i:3;s:1:\"4\";i:4;s:1:\"6\";i:5;s:1:\"7\";i:6;s:1:\"8\";i:7;s:1:\"9\";i:8;s:1:\"1\";i:9;s:1:\"2\";i:10;s:1:\"3\";i:11;s:1:\"4\";i:12;s:1:\"6\";i:13;s:1:\"7\";i:14;s:1:\"8\";i:15;s:1:\"9\";}','AC35153',2,'L70/B50','6','You will find further information and the exact guarantee terms and conditions at www.ledvance.com/guarantee',19,1,'HF'),(111,'4058075543188','SubstiTUBE T5 HF HE2817 W/3000 K 1149.00 mm ',25,2150,1,1,1,5,'a:16:{i:0;s:1:\"1\";i:1;s:1:\"2\";i:2;s:1:\"3\";i:3;s:1:\"4\";i:4;s:1:\"6\";i:5;s:1:\"7\";i:6;s:1:\"8\";i:7;s:1:\"9\";i:8;s:1:\"1\";i:9;s:1:\"2\";i:10;s:1:\"3\";i:11;s:1:\"4\";i:12;s:1:\"6\";i:13;s:1:\"7\";i:14;s:1:\"8\";i:15;s:1:\"9\";}','AC35154',2,'L70/B50','7','You will find further information and the exact guarantee terms and conditions at www.ledvance.com/guarantee',14,1,'HF'),(112,'4058075543201','SubstiTUBE T5 HF HE2817 W/4000 K 1149.00 mm ',25,2400,3,1,1,5,'a:16:{i:0;s:1:\"1\";i:1;s:1:\"2\";i:2;s:1:\"3\";i:3;s:1:\"4\";i:4;s:1:\"6\";i:5;s:1:\"7\";i:6;s:1:\"8\";i:7;s:1:\"9\";i:8;s:1:\"1\";i:9;s:1:\"2\";i:10;s:1:\"3\";i:11;s:1:\"4\";i:12;s:1:\"6\";i:13;s:1:\"7\";i:14;s:1:\"8\";i:15;s:1:\"9\";}','AC35155',2,'L70/B50','7','You will find further information and the exact guarantee terms and conditions at www.ledvance.com/guarantee',14,1,'HF'),(113,'4058075543225','SubstiTUBE T5 HF HE2817 W/6500 K 1149.00 mm ',25,2400,4,1,1,5,'a:16:{i:0;s:1:\"1\";i:1;s:1:\"2\";i:2;s:1:\"3\";i:3;s:1:\"4\";i:4;s:1:\"6\";i:5;s:1:\"7\";i:6;s:1:\"8\";i:7;s:1:\"9\";i:8;s:1:\"1\";i:9;s:1:\"2\";i:10;s:1:\"3\";i:11;s:1:\"4\";i:12;s:1:\"6\";i:13;s:1:\"7\";i:14;s:1:\"8\";i:15;s:1:\"9\";}','AC35156',2,'L70/B50','7','You will find further information and the exact guarantee terms and conditions at www.ledvance.com/guarantee',14,1,'HF'),(114,'4058075543249','SubstiTUBE T5 HF HE2110 W/3000K 849 mm',10,1350,1,1,1,5,'a:16:{i:0;s:1:\"1\";i:1;s:1:\"2\";i:2;s:1:\"3\";i:3;s:1:\"4\";i:4;s:1:\"6\";i:5;s:1:\"7\";i:6;s:1:\"8\";i:7;s:1:\"9\";i:8;s:1:\"1\";i:9;s:1:\"2\";i:10;s:1:\"3\";i:11;s:1:\"4\";i:12;s:1:\"6\";i:13;s:1:\"7\";i:14;s:1:\"8\";i:15;s:1:\"9\";}','AC35157',2,'L70/B50','7','You will find further information and the exact guarantee terms and conditions at www.ledvance.com/guarantee',10,1,'HF'),(115,'4058075543263','SubstiTUBE T5 HF HE2110 W/4000K 849 mm',10,1500,3,1,1,5,'a:16:{i:0;s:1:\"1\";i:1;s:1:\"2\";i:2;s:1:\"3\";i:3;s:1:\"4\";i:4;s:1:\"6\";i:5;s:1:\"7\";i:6;s:1:\"8\";i:7;s:1:\"9\";i:8;s:1:\"1\";i:9;s:1:\"2\";i:10;s:1:\"3\";i:11;s:1:\"4\";i:12;s:1:\"6\";i:13;s:1:\"7\";i:14;s:1:\"8\";i:15;s:1:\"9\";}','AC35158',2,'L70/B50','6','You will find further information and the exact guarantee terms and conditions at www.ledvance.com/guarantee',10,1,'HF'),(116,'4058075543287','SubstiTUBE T5 HF HE2110 W/6500K 849 mm',10,1500,4,1,1,5,'a:16:{i:0;s:1:\"1\";i:1;s:1:\"2\";i:2;s:1:\"3\";i:3;s:1:\"4\";i:4;s:1:\"6\";i:5;s:1:\"7\";i:6;s:1:\"8\";i:7;s:1:\"9\";i:8;s:1:\"1\";i:9;s:1:\"2\";i:10;s:1:\"3\";i:11;s:1:\"4\";i:12;s:1:\"6\";i:13;s:1:\"7\";i:14;s:1:\"8\";i:15;s:1:\"9\";}','AC35159',2,'L70/B50','6','You will find further information and the exact guarantee terms and conditions at www.ledvance.com/guarantee',10,1,'HF'),(117,'4058075543300','SubstiTUBE T5 HF HE147 W/3000K 549 mm',5,900,1,1,1,5,'a:16:{i:0;s:1:\"1\";i:1;s:1:\"2\";i:2;s:1:\"3\";i:3;s:1:\"4\";i:4;s:1:\"6\";i:5;s:1:\"7\";i:6;s:1:\"8\";i:7;s:1:\"9\";i:8;s:1:\"1\";i:9;s:1:\"2\";i:10;s:1:\"3\";i:11;s:1:\"4\";i:12;s:1:\"6\";i:13;s:1:\"7\";i:14;s:1:\"8\";i:15;s:1:\"9\";}','AC35160',2,'L70/B50','7','You will find further information and the exact guarantee terms and conditions at www.ledvance.com/guarantee',6,1,'HF'),(118,'4058075543324','SubstiTUBE T5 HF HE147 W/4000K 549 mm',5,1000,3,1,1,5,'a:16:{i:0;s:1:\"1\";i:1;s:1:\"2\";i:2;s:1:\"3\";i:3;s:1:\"4\";i:4;s:1:\"6\";i:5;s:1:\"7\";i:6;s:1:\"8\";i:7;s:1:\"9\";i:8;s:1:\"1\";i:9;s:1:\"2\";i:10;s:1:\"3\";i:11;s:1:\"4\";i:12;s:1:\"6\";i:13;s:1:\"7\";i:14;s:1:\"8\";i:15;s:1:\"9\";}','AC35161',2,'L70/B50','6','You will find further information and the exact guarantee terms and conditions at www.ledvance.com/guarantee',6,1,'HF'),(119,'4058075543348','SubstiTUBE T5 HF HE147 W/6500K 549 mm',5,1000,4,1,1,5,'a:16:{i:0;s:1:\"1\";i:1;s:1:\"2\";i:2;s:1:\"3\";i:3;s:1:\"4\";i:4;s:1:\"6\";i:5;s:1:\"7\";i:6;s:1:\"8\";i:7;s:1:\"9\";i:8;s:1:\"1\";i:9;s:1:\"2\";i:10;s:1:\"3\";i:11;s:1:\"4\";i:12;s:1:\"6\";i:13;s:1:\"7\";i:14;s:1:\"8\";i:15;s:1:\"9\";}','AC35162',2,'L70/B50','6','You will find further information and the exact guarantee terms and conditions at www.ledvance.com/guarantee',6,1,'HF'),(120,'4058075543362','SubstiTUBE T5 AC HO8037 W/4000 K 1449.00 mm ',40,5600,3,1,1,5,'a:16:{i:0;s:1:\"1\";i:1;s:1:\"2\";i:2;s:1:\"3\";i:3;s:1:\"4\";i:4;s:1:\"6\";i:5;s:1:\"7\";i:6;s:1:\"8\";i:7;s:1:\"9\";i:8;s:1:\"1\";i:9;s:1:\"2\";i:10;s:1:\"3\";i:11;s:1:\"4\";i:12;s:1:\"6\";i:13;s:1:\"7\";i:14;s:1:\"8\";i:15;s:1:\"9\";}','AC35125',2,'L70/B50','6','You will find further information and the exact guarantee terms and conditions at www.ledvance.com/guarantee',19,1,'AC'),(121,'4058075543386','SubstiTUBE T5 AC HO8037 W/6500 K 1449.00 mm ',40,5600,4,1,1,5,'a:16:{i:0;s:1:\"1\";i:1;s:1:\"2\";i:2;s:1:\"3\";i:3;s:1:\"4\";i:4;s:1:\"6\";i:5;s:1:\"7\";i:6;s:1:\"8\";i:7;s:1:\"9\";i:8;s:1:\"1\";i:9;s:1:\"2\";i:10;s:1:\"3\";i:11;s:1:\"4\";i:12;s:1:\"6\";i:13;s:1:\"7\";i:14;s:1:\"8\";i:15;s:1:\"9\";}','AC35126',2,'L70/B50','6','You will find further information and the exact guarantee terms and conditions at www.ledvance.com/guarantee',19,1,'AC'),(122,'4058075543409','SubstiTUBE T5 AC HO5426 W/4000 K 1149.00 mm ',39,4000,3,1,1,5,'a:16:{i:0;s:1:\"1\";i:1;s:1:\"2\";i:2;s:1:\"3\";i:3;s:1:\"4\";i:4;s:1:\"6\";i:5;s:1:\"7\";i:6;s:1:\"8\";i:7;s:1:\"9\";i:8;s:1:\"1\";i:9;s:1:\"2\";i:10;s:1:\"3\";i:11;s:1:\"4\";i:12;s:1:\"6\";i:13;s:1:\"7\";i:14;s:1:\"8\";i:15;s:1:\"9\";}','AC35128',2,'L70/B50','6','You will find further information and the exact guarantee terms and conditions at www.ledvance.com/guarantee',14,1,'AC'),(123,'4058075543423','SubstiTUBE T5 AC HO5426 W/6500 K 1149.00 mm ',39,4000,4,1,1,5,'a:16:{i:0;s:1:\"1\";i:1;s:1:\"2\";i:2;s:1:\"3\";i:3;s:1:\"4\";i:4;s:1:\"6\";i:5;s:1:\"7\";i:6;s:1:\"8\";i:7;s:1:\"9\";i:8;s:1:\"1\";i:9;s:1:\"2\";i:10;s:1:\"3\";i:11;s:1:\"4\";i:12;s:1:\"6\";i:13;s:1:\"7\";i:14;s:1:\"8\";i:15;s:1:\"9\";}','AC35129',2,'L70/B50','6','You will find further information and the exact guarantee terms and conditions at www.ledvance.com/guarantee',14,1,'AC'),(124,'4058075543447','SubstiTUBE T5 AC HO4926 W/4000 K 1449.00 mm ',39,4000,3,1,1,5,'a:16:{i:0;s:1:\"1\";i:1;s:1:\"2\";i:2;s:1:\"3\";i:3;s:1:\"4\";i:4;s:1:\"6\";i:5;s:1:\"7\";i:6;s:1:\"8\";i:7;s:1:\"9\";i:8;s:1:\"1\";i:9;s:1:\"2\";i:10;s:1:\"3\";i:11;s:1:\"4\";i:12;s:1:\"6\";i:13;s:1:\"7\";i:14;s:1:\"8\";i:15;s:1:\"9\";}','AC35131',2,'L70/B50','6','You will find further information and the exact guarantee terms and conditions at www.ledvance.com/guarantee',19,1,'AC'),(125,'4058075543461','SubstiTUBE T5 AC HO4926 W/6500 K 1449.00 mm ',39,4000,4,1,1,5,'a:16:{i:0;s:1:\"1\";i:1;s:1:\"2\";i:2;s:1:\"3\";i:3;s:1:\"4\";i:4;s:1:\"6\";i:5;s:1:\"7\";i:6;s:1:\"8\";i:7;s:1:\"9\";i:8;s:1:\"1\";i:9;s:1:\"2\";i:10;s:1:\"3\";i:11;s:1:\"4\";i:12;s:1:\"6\";i:13;s:1:\"7\";i:14;s:1:\"8\";i:15;s:1:\"9\";}','AC35132',2,'L70/B50','6','You will find further information and the exact guarantee terms and conditions at www.ledvance.com/guarantee',19,1,'AC'),(126,'4058075543485','SubstiTUBE T5 AC HE3518 W/4000 K 1449.00 mm ',27,2800,3,1,1,5,'a:16:{i:0;s:1:\"1\";i:1;s:1:\"2\";i:2;s:1:\"3\";i:3;s:1:\"4\";i:4;s:1:\"6\";i:5;s:1:\"7\";i:6;s:1:\"8\";i:7;s:1:\"9\";i:8;s:1:\"1\";i:9;s:1:\"2\";i:10;s:1:\"3\";i:11;s:1:\"4\";i:12;s:1:\"6\";i:13;s:1:\"7\";i:14;s:1:\"8\";i:15;s:1:\"9\";}','AC35134',2,'L70/B50','6','You will find further information and the exact guarantee terms and conditions at www.ledvance.com/guarantee',19,1,'AC'),(127,'4058075543508','SubstiTUBE T5 AC HE3518 W/6500 K 1449.00 mm ',27,2800,4,1,1,5,'a:16:{i:0;s:1:\"1\";i:1;s:1:\"2\";i:2;s:1:\"3\";i:3;s:1:\"4\";i:4;s:1:\"6\";i:5;s:1:\"7\";i:6;s:1:\"8\";i:7;s:1:\"9\";i:8;s:1:\"1\";i:9;s:1:\"2\";i:10;s:1:\"3\";i:11;s:1:\"4\";i:12;s:1:\"6\";i:13;s:1:\"7\";i:14;s:1:\"8\";i:15;s:1:\"9\";}','AC35135',2,'L70/B50','6','You will find further information and the exact guarantee terms and conditions at www.ledvance.com/guarantee',19,1,'AC'),(128,'4058075543522','SubstiTUBE T5 AC HE2816 W/4000 K 1149.00 mm ',23,2400,3,1,1,5,'a:16:{i:0;s:1:\"1\";i:1;s:1:\"2\";i:2;s:1:\"3\";i:3;s:1:\"4\";i:4;s:1:\"6\";i:5;s:1:\"7\";i:6;s:1:\"8\";i:7;s:1:\"9\";i:8;s:1:\"1\";i:9;s:1:\"2\";i:10;s:1:\"3\";i:11;s:1:\"4\";i:12;s:1:\"6\";i:13;s:1:\"7\";i:14;s:1:\"8\";i:15;s:1:\"9\";}','AC35137',2,'L70/B50','6','You will find further information and the exact guarantee terms and conditions at www.ledvance.com/guarantee',14,1,'AC'),(129,'4058075543546','SubstiTUBE T5 AC HE2816 W/6500 K 1149.00 mm ',23,2400,4,1,1,5,'a:16:{i:0;s:1:\"1\";i:1;s:1:\"2\";i:2;s:1:\"3\";i:3;s:1:\"4\";i:4;s:1:\"6\";i:5;s:1:\"7\";i:6;s:1:\"8\";i:7;s:1:\"9\";i:8;s:1:\"1\";i:9;s:1:\"2\";i:10;s:1:\"3\";i:11;s:1:\"4\";i:12;s:1:\"6\";i:13;s:1:\"7\";i:14;s:1:\"8\";i:15;s:1:\"9\";}','AC35138',2,'L70/B50','6','You will find further information and the exact guarantee terms and conditions at www.ledvance.com/guarantee',14,1,'AC'),(130,'4058075543560','SubstiTUBE T5 AC HE148 W/4000K 549 mm',9,1200,3,1,1,5,'a:16:{i:0;s:1:\"1\";i:1;s:1:\"2\";i:2;s:1:\"3\";i:3;s:1:\"4\";i:4;s:1:\"6\";i:5;s:1:\"7\";i:6;s:1:\"8\";i:7;s:1:\"9\";i:8;s:1:\"1\";i:9;s:1:\"2\";i:10;s:1:\"3\";i:11;s:1:\"4\";i:12;s:1:\"6\";i:13;s:1:\"7\";i:14;s:1:\"8\";i:15;s:1:\"9\";}','AC35140',2,'L70/B50','6','You will find further information and the exact guarantee terms and conditions at www.ledvance.com/guarantee',6,1,'AC'),(131,'4058075543584','SubstiTUBE T5 AC HE148 W/6500K 549 mm',9,1200,4,1,1,5,'a:16:{i:0;s:1:\"1\";i:1;s:1:\"2\";i:2;s:1:\"3\";i:3;s:1:\"4\";i:4;s:1:\"6\";i:5;s:1:\"7\";i:6;s:1:\"8\";i:7;s:1:\"9\";i:8;s:1:\"1\";i:9;s:1:\"2\";i:10;s:1:\"3\";i:11;s:1:\"4\";i:12;s:1:\"6\";i:13;s:1:\"7\";i:14;s:1:\"8\";i:15;s:1:\"9\";}','AC35141',2,'L70/B50','6','You will find further information and the exact guarantee terms and conditions at www.ledvance.com/guarantee',6,1,'AC'),(132,'4058075545014','SubstiTUBE T8 HF Pro Ultra Output15 W/4000 K 1200 mm ',21,2400,3,1,1,5,'a:6:{i:0;s:1:\"1\";i:1;s:1:\"2\";i:2;s:1:\"4\";i:3;s:1:\"6\";i:4;s:1:\"8\";i:5;s:1:\"9\";}','AC33863',3,'L70/B50','6','You will find further information and the exact guarantee terms and conditions at www.ledvance.com/guarantee',17,2,'HF'),(133,'4058075545038','SubstiTUBE T8 HF Pro Ultra Output15 W/6500 K 1200 mm ',21,2400,4,1,1,5,'a:6:{i:0;s:1:\"1\";i:1;s:1:\"2\";i:2;s:1:\"4\";i:3;s:1:\"6\";i:4;s:1:\"8\";i:5;s:1:\"9\";}','AC33864',3,'L70/B50','6','You will find further information and the exact guarantee terms and conditions at www.ledvance.com/guarantee',17,2,'HF'),(134,'4058075545052','SubstiTUBE T8 HF Pro7.5 W/3000 K 600 mm ',7,1000,1,1,1,5,'a:5:{i:0;s:1:\"1\";i:1;s:1:\"2\";i:2;s:1:\"4\";i:3;s:1:\"8\";i:4;s:1:\"9\";}','AC33854',3,'L70/B50','7','You will find further information and the exact guarantee terms and conditions at www.ledvance.com/guarantee',8,2,'HF'),(135,'4058075545076','SubstiTUBE T8 HF Pro Ultra Output23 W/4000 K 1500 mm ',35,3700,3,1,1,5,'a:6:{i:0;s:1:\"1\";i:1;s:1:\"2\";i:2;s:1:\"4\";i:3;s:1:\"6\";i:4;s:1:\"8\";i:5;s:1:\"9\";}','AC33865',3,'L70/B50','6','You will find further information and the exact guarantee terms and conditions at www.ledvance.com/guarantee',22,2,'HF'),(136,'4058075545090','SubstiTUBE T8 HF Pro7.5 W/4000 K 600 mm ',7,1100,3,1,1,5,'a:5:{i:0;s:1:\"1\";i:1;s:1:\"2\";i:2;s:1:\"4\";i:3;s:1:\"8\";i:4;s:1:\"9\";}','AC33855',3,'L70/B50','6','You will find further information and the exact guarantee terms and conditions at www.ledvance.com/guarantee',8,2,'HF'),(137,'4058075545113','SubstiTUBE T8 HF Pro7.5 W/6500 K 600 mm ',7,1100,4,1,1,5,'a:5:{i:0;s:1:\"1\";i:1;s:1:\"2\";i:2;s:1:\"4\";i:3;s:1:\"8\";i:4;s:1:\"9\";}','AC33856',3,'L70/B50','6','You will find further information and the exact guarantee terms and conditions at www.ledvance.com/guarantee',8,2,'HF'),(138,'4058075545137','SubstiTUBE T8 HF Pro14 W/3000 K 1200 mm ',18,1900,1,1,1,5,'a:5:{i:0;s:1:\"1\";i:1;s:1:\"2\";i:2;s:1:\"4\";i:3;s:1:\"8\";i:4;s:1:\"9\";}','AC33857',3,'L70/B50','7','You will find further information and the exact guarantee terms and conditions at www.ledvance.com/guarantee',17,2,'HF'),(139,'4058075545151','SubstiTUBE T8 HF Pro Ultra Output23 W/6500 K 1500 mm ',35,3700,4,1,1,5,'a:6:{i:0;s:1:\"1\";i:1;s:1:\"2\";i:2;s:1:\"4\";i:3;s:1:\"6\";i:4;s:1:\"8\";i:5;s:1:\"9\";}','AC33866',3,'L70/B50','6','You will find further information and the exact guarantee terms and conditions at www.ledvance.com/guarantee',22,2,'HF'),(140,'4058075545175','SubstiTUBE T8 HF Pro14 W/4000 K 1200 mm ',18,2100,3,1,1,5,'a:5:{i:0;s:1:\"1\";i:1;s:1:\"2\";i:2;s:1:\"4\";i:3;s:1:\"8\";i:4;s:1:\"9\";}','AC33858',3,'L70/B50','6','You will find further information and the exact guarantee terms and conditions at www.ledvance.com/guarantee',17,2,'HF'),(141,'4058075545205','SubstiTUBE T8 HF Pro14 W/6500 K 1200 mm ',18,2100,4,1,1,5,'a:5:{i:0;s:1:\"1\";i:1;s:1:\"2\";i:2;s:1:\"4\";i:3;s:1:\"8\";i:4;s:1:\"9\";}','AC33859',3,'L70/B50','6','You will find further information and the exact guarantee terms and conditions at www.ledvance.com/guarantee',17,2,'HF'),(142,'4058075545229','SubstiTUBE T8 HF Pro20 W/3000 K 1500 mm ',32,2800,1,1,1,5,'a:5:{i:0;s:1:\"1\";i:1;s:1:\"2\";i:2;s:1:\"4\";i:3;s:1:\"8\";i:4;s:1:\"9\";}','AC33860',3,'L70/B50','7','You will find further information and the exact guarantee terms and conditions at www.ledvance.com/guarantee',22,2,'HF'),(143,'4058075545243','SubstiTUBE T8 HF Pro20 W/4000 K 1500 mm ',32,3100,3,1,1,5,'a:5:{i:0;s:1:\"1\";i:1;s:1:\"2\";i:2;s:1:\"4\";i:3;s:1:\"8\";i:4;s:1:\"9\";}','AC33861',3,'L70/B50','6','You will find further information and the exact guarantee terms and conditions at www.ledvance.com/guarantee',22,2,'HF'),(144,'4058075545267','SubstiTUBE T8 HF Pro20 W/6500 K 1500 mm ',32,3100,4,0,1,5,'a:5:{i:0;s:1:\"1\";i:1;s:1:\"2\";i:2;s:1:\"4\";i:3;s:1:\"8\";i:4;s:1:\"9\";}','AC33862',3,'L70/B50','6','You will find further information and the exact guarantee terms and conditions at www.ledvance.com/guarantee',22,2,'HF'),(145,'4058075545366','SubstiTUBE T8 HF Value8 W/4000 K 600 mm ',9,800,3,0,1,3,'a:3:{i:0;s:1:\"2\";i:1;s:1:\"3\";i:2;s:1:\"7\";}','AC33867',1,'L70/B50','8','You will find further information and the exact guarantee terms and conditions at www.ledvance.com/guarantee',8,2,'HF'),(146,'4058075545380','SubstiTUBE T8 HF Value8 W/6500 K 600 mm ',9,800,4,0,1,3,'a:3:{i:0;s:1:\"2\";i:1;s:1:\"3\";i:2;s:1:\"7\";}','AC33868',1,'L70/B50','8','You will find further information and the exact guarantee terms and conditions at www.ledvance.com/guarantee',8,2,'HF'),(147,'4058075546752','SubstiTUBE T8 UN Pro Ultra Output7.5 W/3000 K 600 mm ',7,1000,1,1,1,5,'a:6:{i:0;s:1:\"1\";i:1;s:1:\"2\";i:2;s:1:\"4\";i:3;s:1:\"6\";i:4;s:1:\"8\";i:5;s:1:\"9\";}','AC33869',3,'L70/B50','7','You will find further information and the exact guarantee terms and conditions at www.ledvance.com/guarantee',8,2,'T8U'),(148,'4058075546776','SubstiTUBE T8 UN Pro Ultra Output7.5 W/4000 K 600 mm ',7,1100,3,1,1,5,'a:6:{i:0;s:1:\"1\";i:1;s:1:\"2\";i:2;s:1:\"4\";i:3;s:1:\"6\";i:4;s:1:\"8\";i:5;s:1:\"9\";}','AC33870',3,'L70/B50','6','You will find further information and the exact guarantee terms and conditions at www.ledvance.com/guarantee',8,2,'T8U'),(149,'4058075546790','SubstiTUBE T8 UN Pro Ultra Output7.5 W/6500 K 600 mm ',7,1100,4,1,1,5,'a:6:{i:0;s:1:\"1\";i:1;s:1:\"2\";i:2;s:1:\"4\";i:3;s:1:\"6\";i:4;s:1:\"8\";i:5;s:1:\"9\";}','AC33871',3,'L70/B50','6','You will find further information and the exact guarantee terms and conditions at www.ledvance.com/guarantee',8,2,'T8U'),(150,'4058075546813','SubstiTUBE T8 UN Pro Ultra Output15 W/4000 K 1200 mm ',21,2400,3,1,1,5,'a:6:{i:0;s:1:\"1\";i:1;s:1:\"2\";i:2;s:1:\"4\";i:3;s:1:\"6\";i:4;s:1:\"8\";i:5;s:1:\"9\";}','AC33872',3,'L70/B50','5','You will find further information and the exact guarantee terms and conditions at www.ledvance.com/guarantee',17,2,'T8U'),(151,'4058075546837','SubstiTUBE T8 UN Pro Ultra Output15 W/6500 K 1200 mm ',21,2400,4,1,1,5,'a:6:{i:0;s:1:\"1\";i:1;s:1:\"2\";i:2;s:1:\"4\";i:3;s:1:\"6\";i:4;s:1:\"8\";i:5;s:1:\"9\";}','AC33873',3,'L70/B50','5','You will find further information and the exact guarantee terms and conditions at www.ledvance.com/guarantee',17,2,'T8U'),(152,'4058075546851','SubstiTUBE T8 UN Pro Ultra Output23 W/4000 K 1500 mm ',35,3700,3,1,1,5,'a:6:{i:0;s:1:\"1\";i:1;s:1:\"2\";i:2;s:1:\"4\";i:3;s:1:\"6\";i:4;s:1:\"8\";i:5;s:1:\"9\";}','AC33874',3,'L70/B50','5','You will find further information and the exact guarantee terms and conditions at www.ledvance.com/guarantee',22,2,'T8U'),(153,'4058075546875','SubstiTUBE T8 UN Pro Ultra Output23 W/6500 K 1500 mm ',35,3700,4,1,1,5,'a:6:{i:0;s:1:\"1\";i:1;s:1:\"2\";i:2;s:1:\"4\";i:3;s:1:\"6\";i:4;s:1:\"8\";i:5;s:1:\"9\";}','AC33875',3,'L70/B50','5','You will find further information and the exact guarantee terms and conditions at www.ledvance.com/guarantee',22,2,'T8U'),(154,'4058075546899','SubstiTUBE T8 UN Value18 W/3000 K 1200 mm ',27,1850,1,0,1,3,'a:3:{i:0;s:1:\"2\";i:1;s:1:\"3\";i:2;s:1:\"7\";}','AC33876',1,'L70/B50','8','You will find further information and the exact guarantee terms and conditions at www.ledvance.com/guarantee',17,2,'T8U'),(155,'4058075546912','SubstiTUBE T8 UN Value18 W/4000 K 1200 mm ',27,2000,3,0,1,3,'a:3:{i:0;s:1:\"2\";i:1;s:1:\"3\";i:2;s:1:\"7\";}','AC33877',1,'L70/B50','7','You will find further information and the exact guarantee terms and conditions at www.ledvance.com/guarantee',17,2,'T8U'),(156,'4058075546936','SubstiTUBE T8 UN Value18 W/6500 K 1200 mm ',27,2000,4,0,1,3,'a:3:{i:0;s:1:\"2\";i:1;s:1:\"3\";i:2;s:1:\"7\";}','AC33878',1,'L70/B50','7','You will find further information and the exact guarantee terms and conditions at www.ledvance.com/guarantee',17,2,'T8U'),(157,'4058075546950','SubstiTUBE T8 UN Value24 W/3000 K 1500 mm ',38,2550,1,0,1,3,'a:3:{i:0;s:1:\"2\";i:1;s:1:\"3\";i:2;s:1:\"7\";}','AC33879',1,'L70/B50','8','You will find further information and the exact guarantee terms and conditions at www.ledvance.com/guarantee',22,2,'T8U'),(158,'4058075546974','SubstiTUBE T8 UN Value24 W/4000 K 1500 mm ',38,2800,3,0,1,3,'a:3:{i:0;s:1:\"2\";i:1;s:1:\"3\";i:2;s:1:\"7\";}','AC33880',1,'L70/B50','7','You will find further information and the exact guarantee terms and conditions at www.ledvance.com/guarantee',22,2,'T8U'),(159,'4058075546998','SubstiTUBE T8 UN Value24 W/6500 K 1500 mm ',38,2800,4,0,1,3,'a:3:{i:0;s:1:\"2\";i:1;s:1:\"3\";i:2;s:1:\"7\";}','AC33881',1,'L70/B50','7','You will find further information and the exact guarantee terms and conditions at www.ledvance.com/guarantee',22,2,'T8U'),(160,'4058075594302','SubstiTUBE T8 EM Motion Sensor6.8 W/4000 K 600 mm ',4,1100,3,1,1,5,'a:1:{i:0;s:1:\"7\";}','AC34972',2,'L70/B50','5',NULL,9,2,'EM'),(161,'4058075594326','SubstiTUBE T8 EM Motion Sensor13.1 W/4000 K 1200 mm ',17,2100,3,1,1,5,'a:1:{i:0;s:1:\"7\";}','AC34973',2,'L70/B50','5',NULL,16,2,'EM'),(162,'4058075594340','SubstiTUBE T8 EM Motion Sensor19.3 W/4000 K 1500 mm ',31,3100,3,1,1,5,'a:1:{i:0;s:1:\"7\";}','AC34974,AC34974',2,'L70/B50','5',NULL,21,2,'EM'),(163,'4058075604612','SubstiTUBE T9 C EM22 12 W/4000 K G10q ',14,1320,3,0,1,3,'a:4:{i:0;s:1:\"6\";i:1;s:1:\"7\";i:2;s:1:\"8\";i:3;s:1:\"9\";}','AC36307',1,'L70/B50','7',NULL,2,3,'EM'),(164,'4058075604650','SubstiTUBE T9 C EM22 12 W/6500 K G10q ',14,1320,4,0,1,3,'a:4:{i:0;s:1:\"6\";i:1;s:1:\"7\";i:2;s:1:\"8\";i:3;s:1:\"9\";}','AC36308',1,'L70/B50','7',NULL,2,3,'EM'),(165,'4058075604674','SubstiTUBE T9 C EM32 20 W/4000 K G10q ',32,2200,3,0,1,3,'a:4:{i:0;s:1:\"6\";i:1;s:1:\"7\";i:2;s:1:\"8\";i:3;s:1:\"9\";}','AC36309',1,'L70/B50','7',NULL,4,3,'EM'),(166,'4058075604698','SubstiTUBE T9 C EM32 20 W/6500 K G10q ',32,2200,4,0,1,3,'a:4:{i:0;s:1:\"6\";i:1;s:1:\"7\";i:2;s:1:\"8\";i:3;s:1:\"9\";}','AC36310',1,'L70/B50','7',NULL,4,3,'EM'),(167,'4058075611610','SubstiTUBE T8 EM Value6.6 W/3000 K 600 mm ',2,720,1,0,1,3,'a:3:{i:0;s:1:\"2\";i:1;s:1:\"3\";i:2;s:1:\"7\";}','AC35000',1,'L70/B50','8',NULL,8,2,'EM'),(168,'4058075611634','SubstiTUBE T8 EM Value6.6 W/4000 K 600 mm ',2,800,3,0,1,3,'a:3:{i:0;s:1:\"2\";i:1;s:1:\"3\";i:2;s:1:\"7\";}','AC35001',1,'L70/B50','7',NULL,8,2,'EM'),(169,'4058075611658','SubstiTUBE T8 EM Value6.6 W/6500 K 600 mm ',2,800,4,0,1,3,'a:3:{i:0;s:1:\"2\";i:1;s:1:\"3\";i:2;s:1:\"7\";}','AC35003',1,'L70/B50','7',NULL,8,2,'EM'),(170,'4058075611672','SubstiTUBE T8 EM Value15 W/3000 K 1200 mm ',21,1620,1,0,1,3,'a:3:{i:0;s:1:\"2\";i:1;s:1:\"3\";i:2;s:1:\"7\";}','AC35004',1,'L70/B50','8',NULL,16,2,'EM'),(171,'4058075611696','SubstiTUBE T8 EM Value15 W/4000 K 1200 mm ',21,1800,3,0,1,3,'a:3:{i:0;s:1:\"2\";i:1;s:1:\"3\";i:2;s:1:\"7\";}','AC35005',1,'L70/B50','7',NULL,16,2,'EM'),(172,'4058075611719','SubstiTUBE T8 EM Value15 W/6500 K 1200 mm ',21,1800,4,0,1,3,'a:3:{i:0;s:1:\"2\";i:1;s:1:\"3\";i:2;s:1:\"7\";}','AC35007',1,'L70/B50','7',NULL,16,2,'EM'),(173,'4058075611733','SubstiTUBE T8 EM Value18.3 W/3000 K 1500 mm ',28,1980,1,0,1,3,'a:3:{i:0;s:1:\"2\";i:1;s:1:\"3\";i:2;s:1:\"7\";}','AC35008',1,'L70/B50','8',NULL,21,2,'EM'),(174,'4058075611757','SubstiTUBE T8 EM Value18.3 W/4000 K 1500 mm ',28,2200,3,0,1,3,'a:3:{i:0;s:1:\"2\";i:1;s:1:\"3\";i:2;s:1:\"7\";}','AC35009',1,'L70/B50','7',NULL,21,2,'EM'),(175,'4058075611771','SubstiTUBE T8 EM Value18.3 W/6500 K 1500 mm ',28,2200,4,0,1,3,'a:3:{i:0;s:1:\"2\";i:1;s:1:\"3\";i:2;s:1:\"7\";}','AC35011',1,'L70/B50','7',NULL,21,2,'EM'),(176,'4058075611795','SubstiTUBE T8 EM Advanced7.3 W/4000 K 600 mm ',6,1100,3,0,1,5,'a:6:{i:0;s:1:\"1\";i:1;s:1:\"2\";i:2;s:1:\"3\";i:3;s:1:\"4\";i:4;s:1:\"8\";i:5;s:1:\"9\";}','AC34958,AC34974,AC34958',2,'L70/B50','6',NULL,8,2,'EM'),(177,'4058075611818','SubstiTUBE T8 EM Advanced7.3 W/6500 K 600 mm ',6,1100,4,0,1,5,'a:6:{i:0;s:1:\"1\";i:1;s:1:\"2\";i:2;s:1:\"3\";i:3;s:1:\"4\";i:4;s:1:\"8\";i:5;s:1:\"9\";}','AC34960',2,'L70/B50','6',NULL,8,2,'EM'),(178,'4058075611832','SubstiTUBE T8 EM Advanced14 W/4000 K 1200 mm ',18,2100,3,0,1,5,'a:6:{i:0;s:1:\"1\";i:1;s:1:\"2\";i:2;s:1:\"3\";i:3;s:1:\"4\";i:4;s:1:\"8\";i:5;s:1:\"9\";}','AC34963',2,'L70/B50','6',NULL,16,2,'EM'),(179,'4058075611856','SubstiTUBE T8 EM Advanced14 W/6500 K 1200 mm ',18,2100,4,0,1,5,'a:6:{i:0;s:1:\"1\";i:1;s:1:\"2\";i:2;s:1:\"3\";i:3;s:1:\"4\";i:4;s:1:\"8\";i:5;s:1:\"9\";}','AC34965',2,'L70/B50','6',NULL,16,2,'EM'),(180,'4058075611870','SubstiTUBE T8 EM Advanced20.6 W/4000 K 1500 mm ',33,3100,3,0,1,5,'a:6:{i:0;s:1:\"1\";i:1;s:1:\"2\";i:2;s:1:\"3\";i:3;s:1:\"4\";i:4;s:1:\"8\";i:5;s:1:\"9\";}','AC34968',2,'L70/B50','6',NULL,21,2,'EM'),(181,'4058075611894','SubstiTUBE T8 EM Advanced20.6 W/6500 K 1500 mm ',33,3100,4,0,1,5,'a:6:{i:0;s:1:\"1\";i:1;s:1:\"2\";i:2;s:1:\"3\";i:3;s:1:\"4\";i:4;s:1:\"8\";i:5;s:1:\"9\";}','AC34970',2,'L70/B50','6',NULL,21,2,'EM'),(182,'4058075611917','SubstiTUBE T8 EM Advanced Ultra Output15.6 W/3000 K 1200 mm ',22,2250,1,0,1,5,'a:7:{i:0;s:1:\"1\";i:1;s:1:\"2\";i:2;s:1:\"3\";i:3;s:1:\"4\";i:4;s:1:\"6\";i:5;s:1:\"8\";i:6;s:1:\"9\";}','AC34947',2,'L70/B50','6',NULL,16,2,'EM'),(183,'4058075611931','SubstiTUBE T8 EM Advanced Ultra Output15.6 W/4000 K 1200 mm ',22,2500,3,0,1,5,'a:7:{i:0;s:1:\"1\";i:1;s:1:\"2\";i:2;s:1:\"3\";i:3;s:1:\"4\";i:4;s:1:\"6\";i:5;s:1:\"8\";i:6;s:1:\"9\";}','AC34948',2,'L70/B50','5',NULL,16,2,'EM'),(184,'4058075611955','SubstiTUBE T8 EM Advanced Ultra Output15.6 W/6500 K 1200 mm ',22,2500,4,0,1,5,'a:7:{i:0;s:1:\"1\";i:1;s:1:\"2\";i:2;s:1:\"3\";i:3;s:1:\"4\";i:4;s:1:\"6\";i:5;s:1:\"8\";i:6;s:1:\"9\";}','AC34950',2,'L70/B50','5',NULL,16,2,'EM'),(185,'4058075611979','SubstiTUBE T8 EM Advanced Ultra Output23.1 W/3000 K 1500 mm ',36,3330,1,0,1,5,'a:7:{i:0;s:1:\"1\";i:1;s:1:\"2\";i:2;s:1:\"3\";i:3;s:1:\"4\";i:4;s:1:\"6\";i:5;s:1:\"8\";i:6;s:1:\"9\";}','AC34952',2,'L70/B50','6',NULL,21,2,'EM'),(186,'4058075611993','SubstiTUBE T8 EM Advanced Ultra Output23.1 W/4000 K 1500 mm ',36,3700,3,0,1,5,'a:7:{i:0;s:1:\"1\";i:1;s:1:\"2\";i:2;s:1:\"3\";i:3;s:1:\"4\";i:4;s:1:\"6\";i:5;s:1:\"8\";i:6;s:1:\"9\";}','AC34953',2,'L70/B50','5',NULL,21,2,'EM'),(187,'4058075612013','SubstiTUBE T8 EM Advanced Ultra Output23.1 W/6500 K 1500 mm ',36,3700,4,0,1,5,'a:7:{i:0;s:1:\"1\";i:1;s:1:\"2\";i:2;s:1:\"3\";i:3;s:1:\"4\";i:4;s:1:\"6\";i:5;s:1:\"8\";i:6;s:1:\"9\";}','AC34955',2,'L70/B50','5',NULL,21,2,'EM'),(188,'4058075612037','SubstiTUBE T8 EM Pro Ultra Output14.9 W/3000 K 1200 mm ',20,2340,1,1,1,5,'a:6:{i:0;s:1:\"1\";i:1;s:1:\"2\";i:2;s:1:\"4\";i:3;s:1:\"6\";i:4;s:1:\"8\";i:5;s:1:\"9\";}','AC34907',4,'L70/B50','6',NULL,16,2,'EM'),(189,'4058075612051','SubstiTUBE T8 EM Pro Ultra Output14.9 W/4000 K 1200 mm ',20,2600,3,1,1,5,'a:6:{i:0;s:1:\"1\";i:1;s:1:\"2\";i:2;s:1:\"4\";i:3;s:1:\"6\";i:4;s:1:\"8\";i:5;s:1:\"9\";}','AC34908',4,'L70/B50','5',NULL,16,2,'EM'),(190,'4058075612075','SubstiTUBE T8 EM Pro Ultra Output14.9 W/6500 K 1200 mm ',20,2600,4,1,1,5,'a:6:{i:0;s:1:\"1\";i:1;s:1:\"2\";i:2;s:1:\"4\";i:3;s:1:\"6\";i:4;s:1:\"8\";i:5;s:1:\"9\";}','AC34910',4,'L70/B50','5',NULL,16,2,'EM'),(191,'4058075612099','SubstiTUBE T8 EM Pro Ultra Output23.4 W/3000 K 1500 mm ',37,3690,1,1,1,5,'a:6:{i:0;s:1:\"1\";i:1;s:1:\"2\";i:2;s:1:\"4\";i:3;s:1:\"6\";i:4;s:1:\"8\";i:5;s:1:\"9\";}','AC34912',4,'L70/B50','6',NULL,21,2,'EM'),(192,'4058075612112','SubstiTUBE T8 EM Pro Ultra Output23.4 W/4000 K 1500 mm ',37,4100,3,1,1,5,'a:6:{i:0;s:1:\"1\";i:1;s:1:\"2\";i:2;s:1:\"4\";i:3;s:1:\"6\";i:4;s:1:\"8\";i:5;s:1:\"9\";}','AC34913',4,'L70/B50','5',NULL,21,2,'EM'),(193,'4058075612136','SubstiTUBE T8 EM Pro Ultra Output23.4 W/6500 K 1500 mm ',37,4100,4,1,1,5,'a:6:{i:0;s:1:\"1\";i:1;s:1:\"2\";i:2;s:1:\"4\";i:3;s:1:\"6\";i:4;s:1:\"8\";i:5;s:1:\"9\";}','AC34915',4,'L70/B50','5',NULL,21,2,'EM'),(194,'4058075612150','SubstiTUBE T8 EM Pro6.7 W/4000 K 600 mm ',3,1100,3,1,1,5,'a:5:{i:0;s:1:\"1\";i:1;s:1:\"2\";i:2;s:1:\"4\";i:3;s:1:\"8\";i:4;s:1:\"9\";}','AC34923',4,'L70/B50','5',NULL,8,2,'EM'),(195,'4058075612174','SubstiTUBE T8 EM Pro6.7 W/6500 K 600 mm ',3,1100,4,1,1,5,'a:5:{i:0;s:1:\"1\";i:1;s:1:\"2\";i:2;s:1:\"4\";i:3;s:1:\"8\";i:4;s:1:\"9\";}','AC34925',4,'L70/B50','5',NULL,8,2,'EM'),(196,'4058075612198','SubstiTUBE T8 EM Pro10.3 W/4000 K 900 mm ',11,1700,3,1,1,5,'a:5:{i:0;s:1:\"1\";i:1;s:1:\"2\";i:2;s:1:\"4\";i:3;s:1:\"8\";i:4;s:1:\"9\";}','AC34928',4,'L70/B50','5',NULL,11,2,'EM'),(197,'4058075612211','SubstiTUBE T8 EM Pro10.3 W/6500 K 900 mm ',11,1700,4,1,1,5,'a:5:{i:0;s:1:\"1\";i:1;s:1:\"2\";i:2;s:1:\"4\";i:3;s:1:\"8\";i:4;s:1:\"9\";}','AC34930',4,'L70/B50','5',NULL,11,2,'EM'),(198,'4058075612235','SubstiTUBE T8 EM Pro12.1 W/4000K 1050 mm',15,2000,3,1,1,5,'a:5:{i:0;s:1:\"1\";i:1;s:1:\"2\";i:2;s:1:\"4\";i:3;s:1:\"8\";i:4;s:1:\"9\";}','AC34933',4,'L70/B50','5',NULL,12,2,'EM'),(199,'4058075612259','SubstiTUBE T8 EM Pro12.1 W/6500K 1050 mm',15,2000,4,1,1,5,'a:5:{i:0;s:1:\"1\";i:1;s:1:\"2\";i:2;s:1:\"4\";i:3;s:1:\"8\";i:4;s:1:\"9\";}','AC34935',4,'L70/B50','5',NULL,12,2,'EM'),(200,'4058075612273','SubstiTUBE T8 EM Pro12.7 W/4000 K 1200 mm ',16,2100,3,1,1,5,'a:5:{i:0;s:1:\"1\";i:1;s:1:\"2\";i:2;s:1:\"4\";i:3;s:1:\"8\";i:4;s:1:\"9\";}','AC34938',4,'L70/B50','5',NULL,16,2,'EM'),(201,'4058075612297','SubstiTUBE T8 EM Pro12.7 W/6500 K 1200 mm ',16,2100,4,1,1,5,'a:5:{i:0;s:1:\"1\";i:1;s:1:\"2\";i:2;s:1:\"4\";i:3;s:1:\"8\";i:4;s:1:\"9\";}','AC34940',4,'L70/B50','5',NULL,16,2,'EM'),(202,'4058075612310','SubstiTUBE T8 EM Pro18.8 W/4000 K 1500 mm ',29,3100,3,1,1,5,'a:5:{i:0;s:1:\"1\";i:1;s:1:\"2\";i:2;s:1:\"4\";i:3;s:1:\"8\";i:4;s:1:\"9\";}','AC34943',4,'L70/B50','5',NULL,21,2,'EM'),(203,'4058075612334','SubstiTUBE T8 EM Pro18.8 W/6500 K 1500 mm ',29,3100,4,1,1,5,'a:5:{i:0;s:1:\"1\";i:1;s:1:\"2\";i:2;s:1:\"4\";i:3;s:1:\"8\";i:4;s:1:\"9\";}','AC34945',4,'L70/B50','5',NULL,21,2,'EM'),(204,'4058075614475','SubstiTUBE T8 EM Pro5.4 W/3000K 438 mm',1,810,1,1,1,5,'a:5:{i:0;s:1:\"1\";i:1;s:1:\"2\";i:2;s:1:\"4\";i:3;s:1:\"8\";i:4;s:1:\"9\";}','AC34917',4,'L70/B50','6',NULL,5,2,'EM'),(205,'4058075614499','SubstiTUBE T8 EM Pro5.4 W/4000K 438 mm',1,900,3,1,1,5,'a:5:{i:0;s:1:\"1\";i:1;s:1:\"2\";i:2;s:1:\"4\";i:3;s:1:\"8\";i:4;s:1:\"9\";}','AC34918',4,'L70/B50','5',NULL,5,2,'EM'),(206,'4058075630505','SubstiTUBE T5 AC HO8037 W/3000 K 1449.00 mm ',40,5050,1,1,1,5,'a:16:{i:0;s:1:\"1\";i:1;s:1:\"2\";i:2;s:1:\"3\";i:3;s:1:\"4\";i:4;s:1:\"6\";i:5;s:1:\"7\";i:6;s:1:\"8\";i:7;s:1:\"9\";i:8;s:1:\"1\";i:9;s:1:\"2\";i:10;s:1:\"3\";i:11;s:1:\"4\";i:12;s:1:\"6\";i:13;s:1:\"7\";i:14;s:1:\"8\";i:15;s:1:\"9\";}','AC35124',2,'L70/B50','6',NULL,19,1,'AC'),(207,'4058075630529','SubstiTUBE T5 AC HO5426 W/3000 K 1149.00 mm ',39,3600,1,1,1,5,'a:16:{i:0;s:1:\"1\";i:1;s:1:\"2\";i:2;s:1:\"3\";i:3;s:1:\"4\";i:4;s:1:\"6\";i:5;s:1:\"7\";i:6;s:1:\"8\";i:7;s:1:\"9\";i:8;s:1:\"1\";i:9;s:1:\"2\";i:10;s:1:\"3\";i:11;s:1:\"4\";i:12;s:1:\"6\";i:13;s:1:\"7\";i:14;s:1:\"8\";i:15;s:1:\"9\";}','AC35127',2,'L70/B50','6',NULL,14,1,'AC'),(208,'4058075630543','SubstiTUBE T5 AC HO4926 W/3000 K 1449.00 mm ',39,3600,1,1,1,5,'a:16:{i:0;s:1:\"1\";i:1;s:1:\"2\";i:2;s:1:\"3\";i:3;s:1:\"4\";i:4;s:1:\"6\";i:5;s:1:\"7\";i:6;s:1:\"8\";i:7;s:1:\"9\";i:8;s:1:\"1\";i:9;s:1:\"2\";i:10;s:1:\"3\";i:11;s:1:\"4\";i:12;s:1:\"6\";i:13;s:1:\"7\";i:14;s:1:\"8\";i:15;s:1:\"9\";}','AC35130',2,'L70/B50','6',NULL,19,1,'AC'),(209,'4058075630567','SubstiTUBE T5 AC HE3518 W/3000 K 1449.00 mm ',27,2550,1,1,1,5,'a:16:{i:0;s:1:\"1\";i:1;s:1:\"2\";i:2;s:1:\"3\";i:3;s:1:\"4\";i:4;s:1:\"6\";i:5;s:1:\"7\";i:6;s:1:\"8\";i:7;s:1:\"9\";i:8;s:1:\"1\";i:9;s:1:\"2\";i:10;s:1:\"3\";i:11;s:1:\"4\";i:12;s:1:\"6\";i:13;s:1:\"7\";i:14;s:1:\"8\";i:15;s:1:\"9\";}','AC35133',2,'L70/B50','6',NULL,19,1,'AC'),(210,'4058075630581','SubstiTUBE T5 AC HE2816 W/3000 K 1149.00 mm ',23,2150,1,1,1,5,'a:16:{i:0;s:1:\"1\";i:1;s:1:\"2\";i:2;s:1:\"3\";i:3;s:1:\"4\";i:4;s:1:\"6\";i:5;s:1:\"7\";i:6;s:1:\"8\";i:7;s:1:\"9\";i:8;s:1:\"1\";i:9;s:1:\"2\";i:10;s:1:\"3\";i:11;s:1:\"4\";i:12;s:1:\"6\";i:13;s:1:\"7\";i:14;s:1:\"8\";i:15;s:1:\"9\";}','AC35136',2,'L70/B50','7',NULL,14,1,'AC'),(211,'4058075630611','SubstiTUBE T5 AC HE148 W/3000K 549 mm',9,1080,1,1,1,5,'a:16:{i:0;s:1:\"1\";i:1;s:1:\"2\";i:2;s:1:\"3\";i:3;s:1:\"4\";i:4;s:1:\"6\";i:5;s:1:\"7\";i:6;s:1:\"8\";i:7;s:1:\"9\";i:8;s:1:\"1\";i:9;s:1:\"2\";i:10;s:1:\"3\";i:11;s:1:\"4\";i:12;s:1:\"6\";i:13;s:1:\"7\";i:14;s:1:\"8\";i:15;s:1:\"9\";}','AC35139',2,'L70/B50','6',NULL,6,1,'AC');
/*!40000 ALTER TABLE `light_source` ENABLE KEYS */;
UNLOCK TABLES;

--
-- Table structure for table `light_source_ballast`
--

DROP TABLE IF EXISTS `light_source_ballast`;
/*!40101 SET @saved_cs_client     = @@character_set_client */;
/*!40101 SET character_set_client = utf8 */;
CREATE TABLE `light_source_ballast` (
  `light_source_id` int(11) NOT NULL,
  `ballast_id` int(11) NOT NULL,
  PRIMARY KEY (`light_source_id`,`ballast_id`),
  KEY `IDX_E9AA201DDA9CAD02` (`light_source_id`),
  KEY `IDX_E9AA201DB655D7B0` (`ballast_id`),
  CONSTRAINT `FK_E9AA201DB655D7B0` FOREIGN KEY (`ballast_id`) REFERENCES `ballast` (`id`) ON DELETE CASCADE,
  CONSTRAINT `FK_E9AA201DDA9CAD02` FOREIGN KEY (`light_source_id`) REFERENCES `light_source` (`id`) ON DELETE CASCADE
) ENGINE=InnoDB DEFAULT CHARSET=utf8mb4 COLLATE=utf8mb4_unicode_ci;
/*!40101 SET character_set_client = @saved_cs_client */;

--
-- Dumping data for table `light_source_ballast`
--

LOCK TABLES `light_source_ballast` WRITE;
/*!40000 ALTER TABLE `light_source_ballast` DISABLE KEYS */;
INSERT INTO `light_source_ballast` VALUES (99,15),(99,26),(99,86),(99,87),(99,92),(99,100),(99,104),(99,106),(99,188),(99,189),(99,229),(99,233),(99,236),(99,269),(99,313),(99,316),(99,318),(100,15),(100,26),(100,86),(100,87),(100,92),(100,100),(100,104),(100,106),(100,188),(100,189),(100,229),(100,233),(100,236),(100,269),(100,313),(100,316),(100,318),(101,15),(101,26),(101,86),(101,87),(101,92),(101,100),(101,104),(101,106),(101,188),(101,189),(101,229),(101,233),(101,236),(101,269),(101,313),(101,316),(101,318),(102,14),(102,15),(102,16),(102,21),(102,65),(102,68),(102,91),(102,94),(102,95),(102,96),(102,115),(102,117),(102,130),(102,162),(102,182),(102,195),(102,196),(102,227),(102,228),(102,262),(102,263),(102,267),(102,268),(102,312),(102,315),(103,14),(103,15),(103,16),(103,21),(103,65),(103,68),(103,91),(103,94),(103,95),(103,96),(103,115),(103,117),(103,130),(103,162),(103,182),(103,195),(103,196),(103,227),(103,228),(103,262),(103,263),(103,267),(103,268),(103,312),(103,315),(104,14),(104,15),(104,16),(104,21),(104,65),(104,68),(104,91),(104,94),(104,95),(104,96),(104,115),(104,117),(104,130),(104,162),(104,182),(104,195),(104,196),(104,227),(104,228),(104,262),(104,263),(104,267),(104,268),(104,312),(104,315),(105,19),(105,20),(105,41),(105,85),(105,104),(105,128),(105,160),(105,184),(105,185),(105,190),(105,194),(105,225),(105,226),(105,260),(105,261),(105,266),(105,304),(106,19),(106,20),(106,41),(106,85),(106,104),(106,128),(106,160),(106,184),(106,185),(106,190),(106,194),(106,225),(106,226),(106,260),(106,261),(106,266),(106,304),(107,19),(107,20),(107,41),(107,85),(107,104),(107,128),(107,160),(107,184),(107,185),(107,190),(107,194),(107,225),(107,226),(107,260),(107,261),(107,266),(107,304),(108,17),(108,18),(108,27),(108,35),(108,36),(108,84),(108,89),(108,126),(108,127),(108,133),(108,142),(108,176),(108,198),(108,224),(108,247),(108,258),(108,259),(108,264),(108,300),(109,17),(109,18),(109,27),(109,35),(109,36),(109,84),(109,89),(109,126),(109,127),(109,133),(109,142),(109,176),(109,198),(109,224),(109,247),(109,258),(109,259),(109,264),(109,300),(110,17),(110,18),(110,27),(110,35),(110,36),(110,84),(110,89),(110,126),(110,127),(110,133),(110,142),(110,176),(110,198),(110,224),(110,247),(110,258),(110,259),(110,264),(110,300),(111,17),(111,18),(111,27),(111,36),(111,42),(111,84),(111,89),(111,94),(111,126),(111,133),(111,197),(111,198),(111,232),(111,245),(111,246),(111,247),(111,258),(111,259),(111,264),(112,17),(112,18),(112,27),(112,36),(112,42),(112,84),(112,89),(112,94),(112,126),(112,133),(112,197),(112,198),(112,232),(112,245),(112,246),(112,247),(112,258),(112,259),(112,264),(113,17),(113,18),(113,27),(113,36),(113,42),(113,84),(113,89),(113,94),(113,126),(113,133),(113,197),(113,198),(113,232),(113,245),(113,246),(113,247),(113,258),(113,259),(113,264),(114,17),(114,18),(114,27),(114,35),(114,42),(114,84),(114,89),(114,126),(114,133),(114,134),(114,181),(114,197),(114,222),(114,234),(114,235),(114,244),(114,245),(114,258),(114,259),(114,264),(114,265),(114,317),(115,17),(115,18),(115,27),(115,35),(115,42),(115,84),(115,89),(115,126),(115,133),(115,134),(115,181),(115,197),(115,222),(115,234),(115,235),(115,244),(115,245),(115,258),(115,259),(115,264),(115,265),(115,317),(116,17),(116,18),(116,27),(116,35),(116,42),(116,84),(116,89),(116,126),(116,133),(116,134),(116,181),(116,197),(116,222),(116,234),(116,235),(116,244),(116,245),(116,258),(116,259),(116,264),(116,265),(116,317),(117,12),(117,13),(117,17),(117,18),(117,27),(117,33),(117,34),(117,35),(117,36),(117,42),(117,76),(117,77),(117,84),(117,89),(117,93),(117,124),(117,125),(117,126),(117,127),(117,133),(117,134),(117,170),(117,197),(117,198),(117,220),(117,221),(117,232),(117,244),(117,245),(117,246),(117,247),(117,259),(117,265),(117,270),(117,271),(117,280),(117,281),(117,314),(118,12),(118,13),(118,17),(118,18),(118,27),(118,33),(118,34),(118,35),(118,36),(118,42),(118,76),(118,77),(118,84),(118,89),(118,93),(118,124),(118,125),(118,126),(118,127),(118,133),(118,134),(118,170),(118,197),(118,198),(118,220),(118,221),(118,232),(118,244),(118,245),(118,246),(118,247),(118,259),(118,265),(118,270),(118,271),(118,280),(118,281),(118,314),(119,12),(119,13),(119,17),(119,18),(119,27),(119,33),(119,34),(119,35),(119,36),(119,42),(119,76),(119,77),(119,84),(119,89),(119,93),(119,124),(119,125),(119,126),(119,127),(119,133),(119,134),(119,170),(119,197),(119,198),(119,220),(119,221),(119,232),(119,244),(119,245),(119,246),(119,247),(119,259),(119,265),(119,270),(119,271),(119,280),(119,281),(119,314),(132,7),(132,10),(132,43),(132,47),(132,64),(132,78),(132,80),(132,98),(132,109),(132,110),(132,112),(132,120),(132,129),(132,138),(132,140),(132,147),(132,151),(132,153),(132,154),(132,166),(132,178),(132,202),(132,203),(132,204),(132,205),(132,209),(132,210),(132,213),(132,242),(132,273),(132,290),(132,309),(132,322),(132,324),(132,326),(132,329),(133,7),(133,10),(133,43),(133,47),(133,64),(133,78),(133,80),(133,98),(133,109),(133,110),(133,112),(133,120),(133,129),(133,138),(133,140),(133,147),(133,151),(133,153),(133,154),(133,166),(133,178),(133,202),(133,203),(133,204),(133,205),(133,209),(133,210),(133,213),(133,242),(133,273),(133,290),(133,309),(133,322),(133,324),(133,326),(133,329),(134,8),(134,9),(134,22),(134,37),(134,45),(134,48),(134,49),(134,66),(134,70),(134,79),(134,82),(134,83),(134,109),(134,111),(134,112),(134,122),(134,129),(134,144),(134,146),(134,149),(134,199),(134,200),(134,201),(134,202),(134,203),(134,205),(134,208),(134,209),(134,210),(134,212),(134,216),(134,241),(134,272),(134,275),(134,278),(134,282),(134,285),(134,288),(134,293),(134,322),(134,333),(135,1),(135,3),(135,24),(135,59),(135,99),(135,113),(135,118),(135,119),(135,121),(135,132),(135,136),(135,145),(135,148),(135,152),(135,167),(135,168),(135,207),(135,211),(135,215),(135,248),(135,284),(135,311),(135,323),(135,327),(135,334),(135,335),(136,8),(136,9),(136,22),(136,37),(136,45),(136,48),(136,49),(136,66),(136,70),(136,79),(136,82),(136,83),(136,109),(136,111),(136,112),(136,122),(136,129),(136,144),(136,146),(136,149),(136,199),(136,200),(136,201),(136,202),(136,203),(136,205),(136,208),(136,209),(136,210),(136,212),(136,216),(136,241),(136,272),(136,275),(136,278),(136,282),(136,285),(136,288),(136,293),(136,322),(136,333),(137,8),(137,9),(137,22),(137,37),(137,45),(137,48),(137,49),(137,66),(137,70),(137,79),(137,82),(137,83),(137,109),(137,111),(137,112),(137,122),(137,129),(137,144),(137,146),(137,149),(137,199),(137,200),(137,201),(137,202),(137,203),(137,205),(137,208),(137,209),(137,210),(137,212),(137,216),(137,241),(137,272),(137,275),(137,278),(137,282),(137,285),(137,288),(137,293),(137,322),(137,333),(138,7),(138,43),(138,47),(138,64),(138,78),(138,80),(138,98),(138,109),(138,110),(138,112),(138,120),(138,129),(138,138),(138,140),(138,147),(138,151),(138,153),(138,154),(138,166),(138,178),(138,202),(138,203),(138,205),(138,209),(138,210),(138,213),(138,242),(138,273),(138,290),(138,309),(138,322),(138,324),(138,326),(138,329),(139,1),(139,3),(139,24),(139,59),(139,99),(139,113),(139,118),(139,119),(139,121),(139,132),(139,136),(139,145),(139,148),(139,152),(139,167),(139,168),(139,207),(139,211),(139,215),(139,248),(139,284),(139,311),(139,323),(139,327),(139,334),(139,335),(140,7),(140,43),(140,47),(140,64),(140,78),(140,80),(140,98),(140,109),(140,110),(140,112),(140,120),(140,129),(140,138),(140,140),(140,147),(140,151),(140,153),(140,154),(140,166),(140,178),(140,202),(140,203),(140,205),(140,209),(140,210),(140,213),(140,242),(140,273),(140,290),(140,309),(140,322),(140,324),(140,326),(140,329),(141,7),(141,43),(141,47),(141,64),(141,78),(141,80),(141,98),(141,109),(141,110),(141,112),(141,120),(141,129),(141,138),(141,140),(141,147),(141,151),(141,153),(141,154),(141,166),(141,178),(141,202),(141,203),(141,204),(141,205),(141,209),(141,210),(141,213),(141,242),(141,273),(141,290),(141,309),(141,322),(141,324),(141,326),(141,329),(142,1),(142,3),(142,24),(142,59),(142,99),(142,113),(142,118),(142,119),(142,121),(142,132),(142,136),(142,145),(142,148),(142,152),(142,167),(142,168),(142,207),(142,211),(142,215),(142,248),(142,284),(142,311),(142,323),(142,327),(142,334),(142,335),(143,1),(143,3),(143,24),(143,59),(143,99),(143,113),(143,118),(143,119),(143,121),(143,132),(143,136),(143,145),(143,148),(143,152),(143,167),(143,168),(143,207),(143,211),(143,215),(143,248),(143,284),(143,311),(143,323),(143,327),(143,334),(143,335),(144,1),(144,3),(144,24),(144,59),(144,99),(144,113),(144,118),(144,119),(144,121),(144,132),(144,136),(144,145),(144,148),(144,152),(144,167),(144,168),(144,207),(144,211),(144,215),(144,248),(144,284),(144,311),(144,323),(144,327),(144,334),(144,335),(145,8),(145,9),(145,22),(145,37),(145,45),(145,48),(145,49),(145,66),(145,70),(145,79),(145,82),(145,83),(145,109),(145,111),(145,112),(145,122),(145,129),(145,144),(145,146),(145,149),(145,199),(145,200),(145,201),(145,202),(145,203),(145,205),(145,208),(145,209),(145,210),(145,212),(145,216),(145,241),(145,272),(145,275),(145,278),(145,282),(145,285),(145,288),(145,293),(145,322),(145,333),(146,8),(146,9),(146,22),(146,37),(146,45),(146,48),(146,49),(146,66),(146,70),(146,79),(146,82),(146,83),(146,109),(146,111),(146,112),(146,122),(146,129),(146,144),(146,146),(146,149),(146,199),(146,200),(146,201),(146,202),(146,203),(146,205),(146,208),(146,209),(146,210),(146,212),(146,216),(146,241),(146,272),(146,275),(146,278),(146,282),(146,285),(146,288),(146,293),(146,322),(146,333),(147,22),(147,70),(147,79),(147,82),(147,83),(147,109),(147,111),(147,112),(147,122),(147,123),(147,129),(147,144),(147,146),(147,199),(147,200),(147,202),(147,203),(147,204),(147,205),(147,208),(147,209),(147,210),(147,212),(147,216),(147,217),(147,272),(147,275),(147,278),(147,279),(147,282),(147,285),(147,293),(148,22),(148,70),(148,79),(148,82),(148,83),(148,109),(148,111),(148,112),(148,122),(148,123),(148,129),(148,144),(148,146),(148,199),(148,200),(148,202),(148,203),(148,204),(148,205),(148,208),(148,209),(148,210),(148,212),(148,216),(148,217),(148,272),(148,275),(148,278),(148,279),(148,282),(148,285),(148,293),(149,22),(149,70),(149,79),(149,82),(149,83),(149,109),(149,111),(149,112),(149,122),(149,123),(149,129),(149,144),(149,146),(149,199),(149,200),(149,202),(149,203),(149,204),(149,205),(149,208),(149,209),(149,210),(149,212),(149,216),(149,217),(149,272),(149,275),(149,278),(149,279),(149,282),(149,285),(149,293),(150,39),(150,47),(150,52),(150,78),(150,80),(150,98),(150,109),(150,110),(150,112),(150,120),(150,129),(150,131),(150,138),(150,140),(150,151),(150,154),(150,155),(150,156),(150,178),(150,202),(150,203),(150,204),(150,209),(150,210),(150,213),(150,273),(150,309),(150,324),(151,39),(151,47),(151,52),(151,78),(151,80),(151,98),(151,109),(151,110),(151,112),(151,120),(151,129),(151,131),(151,138),(151,140),(151,151),(151,154),(151,155),(151,156),(151,178),(151,202),(151,203),(151,204),(151,209),(151,210),(151,213),(151,273),(151,309),(151,324),(152,1),(152,2),(152,99),(152,113),(152,116),(152,118),(152,121),(152,132),(152,136),(152,145),(152,152),(152,157),(152,167),(152,207),(152,211),(152,231),(152,239),(152,243),(152,274),(152,284),(152,311),(152,320),(152,323),(152,334),(153,1),(153,2),(153,99),(153,113),(153,116),(153,118),(153,121),(153,132),(153,136),(153,145),(153,152),(153,157),(153,167),(153,207),(153,211),(153,231),(153,239),(153,243),(153,274),(153,284),(153,311),(153,320),(153,323),(153,334),(154,3),(154,39),(154,52),(154,78),(154,80),(154,98),(154,109),(154,110),(154,120),(154,138),(154,140),(154,151),(154,154),(154,155),(154,156),(154,178),(154,202),(154,203),(154,210),(154,273),(154,276),(154,290),(154,309),(154,324),(155,3),(155,39),(155,52),(155,78),(155,80),(155,98),(155,109),(155,110),(155,120),(155,138),(155,140),(155,151),(155,154),(155,155),(155,156),(155,178),(155,202),(155,203),(155,210),(155,273),(155,276),(155,290),(155,309),(155,324),(156,3),(156,39),(156,52),(156,78),(156,80),(156,98),(156,109),(156,110),(156,120),(156,138),(156,140),(156,151),(156,154),(156,155),(156,156),(156,178),(156,202),(156,203),(156,210),(156,273),(156,276),(156,290),(156,309),(156,324),(157,2),(157,3),(157,25),(157,99),(157,113),(157,118),(157,119),(157,121),(157,132),(157,136),(157,145),(157,152),(157,157),(157,167),(157,168),(157,207),(157,211),(157,231),(157,239),(157,243),(157,274),(157,284),(157,311),(157,320),(157,323),(157,334),(157,335),(158,2),(158,3),(158,25),(158,99),(158,113),(158,118),(158,119),(158,121),(158,132),(158,136),(158,145),(158,152),(158,157),(158,167),(158,168),(158,207),(158,211),(158,231),(158,239),(158,243),(158,274),(158,284),(158,311),(158,320),(158,323),(158,334),(158,335),(159,2),(159,3),(159,25),(159,99),(159,113),(159,118),(159,119),(159,121),(159,132),(159,136),(159,145),(159,152),(159,157),(159,167),(159,168),(159,207),(159,211),(159,231),(159,239),(159,243),(159,274),(159,284),(159,311),(159,320),(159,323),(159,334),(159,335);
/*!40000 ALTER TABLE `light_source_ballast` ENABLE KEYS */;
UNLOCK TABLES;

--
-- Table structure for table `remarks`
--

DROP TABLE IF EXISTS `remarks`;
/*!40101 SET @saved_cs_client     = @@character_set_client */;
/*!40101 SET character_set_client = utf8 */;
CREATE TABLE `remarks` (
  `id` int(11) NOT NULL AUTO_INCREMENT,
  `light_source_id` int(11) NOT NULL,
  `ballast_id` int(11) NOT NULL,
  `en` varchar(255) COLLATE utf8mb4_unicode_ci DEFAULT NULL,
  `de` varchar(255) COLLATE utf8mb4_unicode_ci DEFAULT NULL,
  `nl` varchar(255) COLLATE utf8mb4_unicode_ci DEFAULT NULL,
  `fr` varchar(255) COLLATE utf8mb4_unicode_ci DEFAULT NULL,
  `pt` varchar(255) COLLATE utf8mb4_unicode_ci DEFAULT NULL,
  `es` varchar(255) COLLATE utf8mb4_unicode_ci DEFAULT NULL,
  `it` varchar(255) COLLATE utf8mb4_unicode_ci DEFAULT NULL,
  `da` varchar(255) COLLATE utf8mb4_unicode_ci DEFAULT NULL,
  `no` varchar(255) COLLATE utf8mb4_unicode_ci DEFAULT NULL,
  `sv` varchar(255) COLLATE utf8mb4_unicode_ci DEFAULT NULL,
  `fi` varchar(255) COLLATE utf8mb4_unicode_ci DEFAULT NULL,
  `et` varchar(255) COLLATE utf8mb4_unicode_ci DEFAULT NULL,
  `lt` varchar(255) COLLATE utf8mb4_unicode_ci DEFAULT NULL,
  `lv` varchar(255) COLLATE utf8mb4_unicode_ci DEFAULT NULL,
  PRIMARY KEY (`id`),
  KEY `IDX_44EA8DDBDA9CAD02` (`light_source_id`),
  KEY `IDX_44EA8DDBB655D7B0` (`ballast_id`),
  CONSTRAINT `FK_44EA8DDBB655D7B0` FOREIGN KEY (`ballast_id`) REFERENCES `ballast` (`id`),
  CONSTRAINT `FK_44EA8DDBDA9CAD02` FOREIGN KEY (`light_source_id`) REFERENCES `light_source` (`id`)
) ENGINE=InnoDB AUTO_INCREMENT=26 DEFAULT CHARSET=utf8mb4 COLLATE=utf8mb4_unicode_ci;
/*!40101 SET character_set_client = @saved_cs_client */;

--
-- Dumping data for table `remarks`
--

LOCK TABLES `remarks` WRITE;
/*!40000 ALTER TABLE `remarks` DISABLE KEYS */;
INSERT INTO `remarks` VALUES (1,138,64,'lumen 72% of rated value','Lumen 72 % des Nennwerts','lumen 72% van de nominale waarde','lumen 72 % de la valeur nominale',NULL,'lumen 72% del valor nominal','lumen 72% del valore nominale','lumen 72% af den anslåede værdi',NULL,'Lumen 72 % av nominellt värde','72% valovirta nimellisestä arvosta',NULL,NULL,NULL),(2,140,64,'lumen 72% of rated value','Lumen 72 % des Nennwerts','lumen 72% van de nominale waarde','lumen 72 % de la valeur nominale',NULL,'lumen 72% del valor nominal','lumen 72% del valore nominale','lumen 72% af den anslåede værdi',NULL,'Lumen 72 % av nominellt värde','72% valovirta nimellisestä arvosta',NULL,NULL,NULL),(3,141,64,'lumen 72% of rated value','Lumen 72 % des Nennwerts','lumen 72% van de nominale waarde','lumen 72 % de la valeur nominale',NULL,'lumen 72% del valor nominal','lumen 72% del valore nominale','lumen 72% af den anslåede værdi',NULL,'Lumen 72 % av nominellt värde','72% valovirta nimellisestä arvosta',NULL,NULL,NULL),(4,132,64,'lumen 72% of rated value','Lumen 72 % des Nennwerts','lumen 72% van de nominale waarde','lumen 72 % de la valeur nominale',NULL,'lumen 72% del valor nominal','lumen 72% del valore nominale','lumen 72% af den anslåede værdi',NULL,'Lumen 72 % av nominellt värde','72% valovirta nimellisestä arvosta',NULL,NULL,NULL),(5,133,64,'lumen 72% of rated value','Lumen 72 % des Nennwerts','lumen 72% van de nominale waarde','lumen 72 % de la valeur nominale',NULL,'lumen 72% del valor nominal','lumen 72% del valore nominale','lumen 72% af den anslåede værdi',NULL,'Lumen 72 % av nominellt värde','72% valovirta nimellisestä arvosta',NULL,NULL,NULL),(6,99,92,'OK * -25% luminous flux','OK * -25% des Lichtstroms','OK* -25% van het vermogen','OK * -25% de flux lumineux',NULL,'OK * -25% de flujo luminoso','OK * -25% del flusso luminoso','OK* -25% lysstrøm',NULL,'OK* -25 % ljusflöde','OK* -25% valovirta',NULL,NULL,NULL),(7,100,92,'OK * -25% luminous flux','OK * -25% des Lichtstroms','OK* -25% van het vermogen','OK * -25% de flux lumineux',NULL,'OK * -25% de flujo luminoso','OK * -25% del flusso luminoso','OK* -25% lysstrøm',NULL,'OK* -25 % ljusflöde','OK* -25% valovirta',NULL,NULL,NULL),(8,101,92,'OK * -25% luminous flux','OK * -25% des Lichtstroms','OK* -25% van het vermogen','OK * -25% de flux lumineux',NULL,'OK * -25% de flujo luminoso','OK * -25% del flusso luminoso','OK* -25% lysstrøm',NULL,'OK* -25 % ljusflöde','OK* -25% valovirta',NULL,NULL,NULL),(9,105,104,'OK*  -32% luminous flux','OK * -32% des Lichtstroms','OK * -32% van het vermogen','OK* -32% de flux lumineux',NULL,'OK * -32% de flujo luminoso','OK* -32% del flusso luminoso','OK* -32% lysstrøm',NULL,'OK* -32 % ljusflöde','OK* -32% valovirta',NULL,NULL,NULL),(10,106,104,'OK*  -32% luminous flux','OK * -32% des Lichtstroms','OK * -32% van het vermogen','OK* -32% de flux lumineux',NULL,'OK * -32% de flujo luminoso','OK* -32% del flusso luminoso','OK* -32% lysstrøm',NULL,'OK* -32 % ljusflöde','OK* -32% valovirta',NULL,NULL,NULL),(11,107,104,'OK*  -32% luminous flux','OK * -32% des Lichtstroms','OK * -32% van het vermogen','OK* -32% de flux lumineux',NULL,'OK * -32% de flujo luminoso','OK* -32% del flusso luminoso','OK* -32% lysstrøm',NULL,'OK* -32 % ljusflöde','OK* -32% valovirta',NULL,NULL,NULL),(12,99,188,'OK* -28% luminous flux','OK * -28% des Lichtstroms','OK * -28% van het vermogen','OK* -28% de flux lumineux',NULL,'OK * -28% de flujo luminoso','OK* -28% del flusso luminoso','OK* -28% lysstrøm',NULL,'OK* -28 % ljusflöde','OK* -28% valovirta',NULL,NULL,NULL),(13,100,188,'OK* -28% luminous flux','OK * -28% des Lichtstroms','OK * -28% van het vermogen','OK* -28% de flux lumineux',NULL,'OK * -28% de flujo luminoso','OK* -28% del flusso luminoso','OK* -28% lysstrøm',NULL,'OK* -28 % ljusflöde','OK* -28% valovirta',NULL,NULL,NULL),(14,101,188,'OK* -28% luminous flux','OK * -28% des Lichtstroms','OK * -28% van het vermogen','OK* -28% de flux lumineux',NULL,'OK * -28% de flujo luminoso','OK* -28% del flusso luminoso','OK* -28% lysstrøm',NULL,'OK* -28 % ljusflöde','OK* -28% valovirta',NULL,NULL,NULL),(15,99,189,'OK *  -29% luminous flux','OK * -29% des Lichtstroms','OK * -29% van het vermogen','OK * -29% de flux lumineux',NULL,'OK * -29% de flujo luminoso','OK * -29% del flusso luminoso','OK* -29% lysstrøm',NULL,'OK* -29 % ljusflöde','OK* -29% valovirta',NULL,NULL,NULL),(16,100,189,'OK *  -29% luminous flux','OK * -29% des Lichtstroms','OK * -29% van het vermogen','OK * -29% de flux lumineux',NULL,'OK * -29% de flujo luminoso','OK * -29% del flusso luminoso','OK* -29% lysstrøm',NULL,'OK* -29 % ljusflöde','OK* -29% valovirta',NULL,NULL,NULL),(17,101,189,'OK *  -29% luminous flux','OK * -29% des Lichtstroms','OK * -29% van het vermogen','OK * -29% de flux lumineux',NULL,'OK * -29% de flujo luminoso','OK * -29% del flusso luminoso','OK* -29% lysstrøm',NULL,'OK* -29 % ljusflöde','OK* -29% valovirta',NULL,NULL,NULL),(18,105,190,'OK*  -29% luminous flux','OK * -29% des Lichtstroms','OK * -29% van het vermogen','OK * -29% de flux lumineux',NULL,'OK * -29% de flujo luminoso','OK * -29% del flusso luminoso','OK* -29% lysstrøm',NULL,'OK* -29 % ljusflöde','OK* -29% valovirta',NULL,NULL,NULL),(19,106,190,'OK*  -29% luminous flux','OK * -29% des Lichtstroms','OK * -29% van het vermogen','OK * -29% de flux lumineux',NULL,'OK * -29% de flujo luminoso','OK * -29% del flusso luminoso','OK* -29% lysstrøm',NULL,'OK* -29 % ljusflöde','OK* -29% valovirta',NULL,NULL,NULL),(20,107,190,'OK*  -29% luminous flux','OK * -29% des Lichtstroms','OK * -29% van het vermogen','OK * -29% de flux lumineux',NULL,'OK * -29% de flujo luminoso','OK * -29% del flusso luminoso','OK* -29% lysstrøm',NULL,'OK* -29 % ljusflöde','OK* -29% valovirta',NULL,NULL,NULL),(21,142,327,'appox. 51% of lumen value','ca. 51% des Lumenwertes','ongeveer 51% van de lumen waarde','env. 51 % de la valeur en lumens',NULL,'appox. 51% del valor de la luz','51% circa del valore lumen','ca. 51% af lysstrømmen',NULL,'Ungefär 51 % av lumenvärdet','n. 51% valovirrasta',NULL,NULL,NULL),(22,143,327,'appox. 51% of lumen value','ca. 51% des Lumenwertes','ongeveer 51% van de lumen waarde','env. 51 % de la valeur en lumens',NULL,'appox. 51% del valor de la luz','51% circa del valore lumen','ca. 51% af lysstrømmen',NULL,'Ungefär 51 % av lumenvärdet','n. 51% valovirrasta',NULL,NULL,NULL),(23,144,327,'appox. 51% of lumen value','ca. 51% des Lumenwertes','ongeveer 51% van de lumen waarde','env. 51 % de la valeur en lumens',NULL,'appox. 51% del valor de la luz','51% circa del valore lumen','ca. 51% af lysstrømmen',NULL,'Ungefär 51 % av lumenvärdet','n. 51% valovirrasta',NULL,NULL,NULL),(24,135,327,'appox. 51% of lumen value','ca. 51% des Lumenwertes','ongeveer 51% van de lumen waarde','env. 51 % de la valeur en lumens',NULL,'appox. 51% del valor de la luz','51% circa del valore lumen','ca. 51% af lysstrømmen',NULL,'Ungefär 51 % av lumenvärdet','n. 51% valovirrasta',NULL,NULL,NULL),(25,139,327,'appox. 51% of lumen value','ca. 51% des Lumenwertes','ongeveer 51% van de lumen waarde','env. 51 % de la valeur en lumens',NULL,'appox. 51% del valor de la luz','51% circa del valore lumen','ca. 51% af lysstrømmen',NULL,'Ungefär 51 % av lumenvärdet','n. 51% valovirrasta',NULL,NULL,NULL);
/*!40000 ALTER TABLE `remarks` ENABLE KEYS */;
UNLOCK TABLES;
/*!40103 SET TIME_ZONE=@OLD_TIME_ZONE */;

/*!40101 SET SQL_MODE=@OLD_SQL_MODE */;
/*!40014 SET FOREIGN_KEY_CHECKS=@OLD_FOREIGN_KEY_CHECKS */;
/*!40014 SET UNIQUE_CHECKS=@OLD_UNIQUE_CHECKS */;
/*!40101 SET CHARACTER_SET_CLIENT=@OLD_CHARACTER_SET_CLIENT */;
/*!40101 SET CHARACTER_SET_RESULTS=@OLD_CHARACTER_SET_RESULTS */;
/*!40101 SET COLLATION_CONNECTION=@OLD_COLLATION_CONNECTION */;
/*!40111 SET SQL_NOTES=@OLD_SQL_NOTES */;

-- Dump completed on 2023-03-29 13:10:06
